"title","description","date","link","category","content"
"Thousands of Gaza’s children face imminent death under Israeli siege: UN","Food security group says more than 93 percent of children in Gaza, about 930,000, are at risk of famine.","Published On 20 May 202520 May 2025","https://www.aljazeera.com/news/2025/5/20/thousands-of-gazas-children-face-imminent-death-under-israeli-siege-un","tag/israel-palestine-conflict/","Thousands of children in Gaza are at risk of imminent death after a nearly three-month total Israeli blockade on the besieged enclave, which has spread famine, the United Nations relief chief warns. That has put 14,000 babies at risk of dying in the next 48 hours, Tom Fletcher said in an interview with the BBC on Tuesday. “We need to flood the Gaza Strip with humanitarian aid,” the UN’s undersecretary-general for humanitarian affairs said, describing the situation as “chilling”. All food, medicine and other life-saving aid had been blocked by Israel from entering Gaza beginning on March 2. As of Monday, a trickle of aid was authorised to enter for the first time since then. Addressing the European Humanitarian Forum in Brussels on Tuesday, Philippe Lazzarini, the head of the UN agency for Palestinian refugees (UNRWA), said relief organisations have run out of words to describe the horrors unfolding in Gaza at Israel’s hands. “But the worst in all this is that we are confronted with a situation: If there is political will, the war can stop. The siege being imposed on Gaza can be lifted,” Lazzarini said. Since early March, at least 57 children are reported to have died from malnutrition. A UN-backed Integrated Food Security Phase Classification (IPC) assessment says more than 93 percent of children in Gaza, or about 930,000, are at risk of famine UNRWA Director of Health Akihiro Seita added on Tuesday that the situation is getting “exponentially” worse and may soon arrive at a point that is “beyond our control”. Israel told the UN on Tuesday that it would allow the entry of 100 trucks carrying humanitarian aid, a day after it said it allowed only nine aid trucks into the enclave for the first time in more than 80 days. Both moves have been roundly slammed for fulfilling only a “drop in the ocean” of the humanitarian needs in Gaza, which has been largely reduced to rubble by Israeli air strikes and ground operations, which were expanded at the weekend. Israeli attacks continue to kill dozens of Palestinians, including many children, each day while what’s left of infrastructure and aid supplies is being destroyed. The municipality of Deir el-Balah in central Gaza announced on Tuesday that a major well, the last remaining source of drinking water in the area, was destroyed along with its generator in an Israeli strike. This comes as more than 100,000 Palestinians have been driven out of their homes and shelters in the past several days alone, according to the UN, and have nowhere safe to go as they face famine. The Israeli army on Tuesday bombed the Nasser Medical Complex in southern Gaza’s Khan Younis as well, hitting life-saving medical supplies and causing widespread destruction across the hospital’s different facilities, including oxygen lines and a laboratory. “In northern Gaza, the Indonesian Hospital is under siege by the Israeli military with patients unable to enter or get out,” Al Jazeera’s Hind Khoudary said, reporting from Deir el-Balah. “Aside from the Nasser and Indonesian hospitals, two other major hospitals in Gaza, the European and al-Awda, have been bombed and largely put out of service in the past few days,” she added. Tess Ingram, a UNICEF communications manager, explained to Al Jazeera why a scheme hatched by the United States and Israel to take control of aid distribution in Gaza was unacceptable for the international community. She said the UN and its international partners had 400 distribution points all over Gaza to help Palestinians whereas now only a “handful” of militarised points in southern Gaza will be used under the US-Israel plan. “This would mean that people would have to walk a long way to collect a packet that weighs up to 25kg [55lb] and then walk back again,” she said.    Speaking on Monday, Israeli Prime Minister Benjamin Netanyahu emphasised that only a “minimal” amount of aid will be allowed into Gaza for diplomatic and political reasons as international pressure and condemnation is directed at him and his government. His far-right national security minister, Itamar Ben-Gvir, said allowing any aid into Gaza while some Israeli captives taken during the Hamas-led attacks on October 7, 2023, are still held inside the enclave is “a grave mistake hindering our victory”. As the Israeli military and government continue to promise to “defeat” Hamas, devastating military strikes on the Palestinian territory have intensified. The Israeli army said on Tuesday afternoon that it attacked 100 targets in Gaza in the preceding 24 hours, claiming they were all “terrorist” targets. At least 53,573 Palestinians have been killed and 121,688 wounded since the start of the war, according to Gaza’s Ministry of Health.   "
"UK government suspends free trade talks with Israel over Gaza war","It also imposes new sanctions, targeting illegal Israeli settlements in the occupied West Bank.","Published On 20 May 202520 May 2025","https://www.aljazeera.com/news/2025/5/20/uk-government-suspends-free-trade-talks-with-israel-over-gaza-war","tag/israel-palestine-conflict/","The British government says it will suspend new free trade negotiations with Israel due to its military conduct in the war on Gaza, where hundreds of Palestinians have been killed in recent days under bombardment and as a new ground offensive has been launched. Speaking in Parliament on Tuesday, Foreign Secretary David Lammy said the United Kingdom was imposing additional sanctions on illegal Israeli settler outposts in the occupied West Bank, while the Israeli ambassador to the UK, Tzipi Hotovely, has also been summoned to the Foreign Office.     The actions came a day after the UK, France and Canada condemned Israel’s handling of the war in Gaza and assaults and raids in the West Bank. Prime Minister Keir Starmer ramped up his pointed criticism of Israel on Tuesday, saying the level of suffering by children in Gaza was “utterly intolerable” and repeated his call for a ceasefire. As settler violence against Palestinians, backed by the Israeli army, has surged in recent months, Lammy said the persistent cycle of violence by Israeli settlers in the West Bank demanded action. In addition to previous sanctions imposed, the UK has now imposed sanctions on another “three individuals, two illegal settler outposts and two organizations supporting violence against the Palestinian community”, he added. He said the UK’s existing trade agreement with Israel is still in effect, but new discussions cannot be undertaken with an Israeli government pursuing “egregious policies” in Gaza and the West Bank. “The Israeli government has a responsibility to intervene and halt these aggressive actions,” Lammy said. “Their consistent failure to act is putting Palestinian communities and the two-state solution in peril.” The UK’s Middle East minister Hamish Falconer will also tell Israeli ambassador to the UK, Tzipi Hotovely, that “the 11-week block on aid to Gaza has been cruel and indefensible”, Lammy added. Israel quickly denounced the UK’s decision: “Even prior to today’s announcement, the free trade agreement negotiations were not being advanced at all by the current UK government,” the Israeli Foreign Ministry said in a statement. The ministry called the UK sanctions “unjustified and regrettable. The Labour government has been heavily criticised at home for not saying or doing enough in support of Palestinians under constant fire and facing starvation in besieged Gaza. Former Labour party leader, and independent member of parliament, Jeremy Corbyn told Al Jazeera the “only one way the government can cease its complicity in genocide” is by “ending military cooperation with Israel and imposing sanctions”. “It’s quite simple: you cannot say you oppose Israel’s renewed military operation if you keep providing them with the weapons they need to carry it out.” Although the Labour government suspended some arms export licences to Israel, it made an exception for the F-35 fighter jet programme, citing its obligations to international supply chains. Meanwhile, a report from the Palestinian Youth Movement, Progressive International and Workers for a Free Palestine revealed earlier this month the UK sent “8,630 separate munitions” since the partial arms suspension took effect in September. According to the UK government’s own data released on Thursday, it approved £127.6 million worth of military equipment to Israel in single issue licenses between October to December 2024 – despite the partial arms embargo coming into place in September. Last week, a high court case was launched challenging the UK’s handling of arms export controls to Israel. Gearoid O Cuinn, founding director of the Global Legal Action Network (GLAN), which has taken the UK government to court over the sale of weapons, told Al Jazeera that the government’s decision to suspend a future trade deal has “no bearing on the immediate catastrophe in Gaza”. “It’s not a future trade deal that is facilitating the killing and starving kids, it’s the ongoing supply of British weaponry and military support.”"
"Gaza’s ongoing Nakba","Palestinians in Gaza remember the Nakba and Al Jazeera’s Hani Mahmoud explains how they’re experiencing it again.","Published On 20 May 202520 May 2025","https://www.aljazeera.com/program/between-us/2025/5/20/gazas-ongoing-nakba","tag/israel-palestine-conflict/","As Palestinians in Gaza remember the violent displacement of the Nakba 77 years on, Al Jazeera’s Hani Mahmoud explains how they’re experiencing it again."
"Israel deserves “no applause” for allowing some food into Gaza","“If this was about getting food to the people of Gaza, there are existing organisations.”","Published On 20 May 202520 May 2025","https://www.aljazeera.com/video/quotable/2025/5/20/israel-deserves-no-applause-for-allowing-some-food-into-gaza","tag/israel-palestine-conflict/","Political analyst Omar Baddar says Israel’s decision to allow limited food aid into Gaza–through a new US-backed foundation– should not to be celebrated. There’s been a total blockade on Gaza since March 2. The US and Israel say a new organisation is needed to ensure aid does not reach Hamas."
"UK, France, Canada threaten ‘concrete actions’ against Israel over Gaza","Husam Zumlot, Palestine’s ambassador to UK, urges arms embargo and support in holding ‘war criminals’ accountable.","Published On 20 May 202520 May 2025","https://www.aljazeera.com/news/2025/5/20/uk-france-and-canada-threaten-concrete-actions-against-israel","tag/israel-palestine-conflict/","The United Kingdom, France and Canada are “horrified” by the military escalation in Gaza and have threatened to take “concrete actions” against Israel if it does not stop its renewed offensive and lift aid restrictions. “I want to put on record today that we’re horrified by the escalation from Israel … We repeat our demand for a ceasefire,” British Prime Minister Keir Starmer told the UK’s parliament on Tuesday, as Israel doubles down on its deadly campaign in Gaza, killing at least 87 people in the last 24 hours. On Monday, Starmer, together with France’s Emmanuel Macron and Canada’s Mark Carney released a joint statement calling Israel’s escalation “wholly disproportionate”. “We strongly oppose the expansion of Israel’s military operations in Gaza. The level of human suffering in Gaza is intolerable,” the leaders said, also condemning Israel’s actions in the occupied West Bank. “Israel must halt settlements which are illegal … We will not hesitate to take further action, including targeted sanctions.” Israeli Prime Minister Benjamin Netanyahu, who has launched Operation Gideon’s Chariots in a bid to control all of Gaza after cutting off food, fuel and medical aid in early March, accused the three countries of offering a “huge prize” to the Palestinian group Hamas, which is currently holding dozens of Israeli captives. The three leaders slammed Netanyahu’s move the previous day to allow a few trucks into the besieged enclave after nearly three months of total blockade as “inadequate”, warning that the Israeli government risked breaching international humanitarian law. Israel reportedly allowed in just a few trucks on Monday, but more were expected on Tuesday. They said they would not “stand by” while Israel pursued “egregious actions”, highlighting the “abhorrent language” on pushing Palestinians out of Gaza used by members of the Israeli government like Finance Minister Bezalel Smotrich, and underlining that forced displacement would be illegal. Husam Zumlot, the Palestinian ambassador to the UK, told Al Jazeera that the “number one” thing the three countries could do was impose an arms embargo on Israel. “The UK has taken some measures to suspend some arms exports. It’s not enough. It has got to be full and comprehensive,” he said. Zumlot also said the states should act to ensure that “war criminals” were “held accountable”. “They must absolutely support our efforts at the International Criminal Court and the International Court of Justice,” he said. Francesca Albanese, the UN’s special rapporteur for the occupied Palestinian territories, questioned how the threatened sanctions would be targeted. “Targeting whom? You need to impose sanctions on the state. It’s not about the prime minister. This is the entire government enterprise,” she told Al Jazeera on Monday. French Foreign Minister Jean-Noel Barrot said on Tuesday that Israel’s partial lifting of the blockade on Monday was “totally insufficient”. “Indiscriminate violence and the blocking of humanitarian aid by the Israeli government” had turned the besieged territory into “a death trap”, he told France Inter radio. Reporting from Jordan’s capital Amman, Al Jazeera’s Hamdah Salhut questioned whether international pressure would have much effect on Netanyahu, pointing out his previously voiced intention to press on until “absolute victory” and his belief that his country was fighting a “war of civilisation against barbarism”. “They say that the expanding military ground offensive is the only way for them to move forward,” she said. The three leaders spoke out as 23 countries, including the UK, France and Canada, issued a joint statement urging Israel to let aid into Gaza, warning that the population faced “starvation”.    The statement, published on Monday, said humanitarian aid should never be politicised, taking aim at Israel’s “new model” for aid, which would see the US-backed Gaza Humanitarian Foundation delivering supplies under Israeli military protection. “It places beneficiaries and aid workers at risk, undermines the role and independence of the United Nations and our trusted partners, and links humanitarian aid to political and military objectives,” said the statement, which called on Israel to let the UN and aid organisations get on with their life-saving work. Al Jazeera’s Step Vaessen, reporting from Amsterdam in the Netherlands, noted that the statement had been issued before Tuesday’s meeting of European Union foreign ministers in Brussels, where it is expected the bloc’s trade agreement with Israel will be coming under review. “What we are seeing is a shift after one and a half years of ongoing bombardment on Gaza, with this blockade on food leading to a public outcry,” she said. Human rights organisation Amnesty International said it was “outrageous and morally reprehensible” that the world had taken “nearly 80 days of broadcast starvation and cruelty amidst genocide” to exert pressure on Israel to lift its siege. As the world focused its attention on Israel, the military stepped up its deadly attacks across the Strip. At least 87 people were killed and 290 wounded during the past 24-hour reporting period, according to a daily update by the Gaza Health Ministry. The casualties bring the total number of people confirmed killed in Gaza during the war to 53,573 with 121,688 wounded, the ministry said."
"Measure targeting pro-Palestine NGOs disappears from US tax bill","Legislation would have allowed the executive branch to crack down on ‘terrorism supporting’ nonprofits.","Published On 19 May 202519 May 2025","https://www.aljazeera.com/news/2025/5/19/measure-targeting-pro-palestine-ngos-disappears-from-us-tax-bill","tag/israel-palestine-conflict/","Washington, DC – A measure known as the “nonprofit killer” has been removed from an enormous tax bill being advanced in the United States Congress, according to the bill posted online by the House of Representatives. The provision, which no longer appeared on the President Donald Trump-backed “One Big, Beautiful Bill” on Monday, would have given the executive branch the authority to strip the tax-exempt status of nonprofits that it deems supportive of “terrorism”. Advocates have warned that the legislative effort – which failed to pass as a stand-alone bill last year – could be abused to crack down on groups that the administration does not agree with, particularly nongovernmental organisations (NGOs) that support Palestinian rights. Israel has given little indication that it is relenting after more than 19 months into its war on Gaza. The past week has seen an intensification of violence across the besieged Palestinian territory, which has killed hundreds of people. The reason for the disappearance of the NGO provision remains unclear, and experts warned it may yet reappear in the bill before the final vote in the House, expected later in the week. The office of Republican House Speaker Mike Johnson did not immediately respond to Al Jazeera’s request for comment. With a razor-thin majority in the House, Republicans need every vote to pass the tax bill, which Trump has put at the top of his agenda in Congress. Kia Hamadanchy, senior policy counsel with the American Civil Liberties Union, said the section may have been removed to avoid additional controversy for the must-pass bill, especially because the Senate parliamentarian, a nonpartisan office that oversees procedures, may have rejected it for violating the rules. “It’s possible that this is a hiccup that they didn’t want, given that it wasn’t even likely to go through,” Hamadanchy told Al Jazeera. “I can’t tell you that is the reason for sure. What I can tell you is that we continue to be very vigilant in case it comes back, either later this week or in the future.”    For weeks, Trump has been calling on Congress to pass the bill, which extends his 2017 tax cuts, a key component of his economic plans. But the proposal has faced some opposition from conservative budget hawks, who have argued it does not cut spending enough and would add to the nation’s $36.2 trillion debt. So Republicans can ill-afford unnecessary issues that could derail the passage of the legislation. Rights groups have been rallying against the “nonprofit killer”, saying it violates free speech and the right to due process. The proposal would have granted the secretary of state power to unilaterally declare an NGO “terrorist supporting” and make it ineligible for tax exemptions. It also said the government would not have to reveal the reason behind the designation if “disclosure of such description would be inconsistent with national security or law enforcement interests”. Under the current rules, organisations certified to be nonprofits by the government get breaks on their federal income taxes. The status also makes donations to such groups tax deductible for donors. While the withdrawn measure would have allowed a targeted NGO to challenge the secretary of state’s decision in court, losing the tax exempt status, even if temporarily, could have proven costly for nonprofits, especially smaller organisations. Hamadanchy said being accused of supporting terrorism could also have prompted banks to close down the accounts of the groups. “And then you have legal costs fighting off the designation because even if you might win in court, it’s going to take time to get there, and it’s going to cause a lot of damage to your organisation through that process,” he said. “And that’s sort of the point because they want to chill speech.” Hamadanchy noted that existing laws already make material support for a designated “terrorist” group a criminal offence with severe penalties.    The legislative push coincided with the Trump administration’s crackdown on Palestinian rights supporters, especially on college campuses. Secretary of State Marco Rubio has revoked the student visas of several Palestine advocates – who have not been charged with a criminal offence – over allegations of “support for terrorism”. Some advocacy groups have portrayed the “nonprofit killer” as part of a broader push to muzzle voices critical of Israel. “This bill is designed to silence dissent, especially from Muslim, Palestinian and civil rights organizations that speak out against injustice and genocide,” the Council on American Islamic Relations said in a statement last week. “It threatens every nonprofit that engages in advocacy, educates the public, or challenges government policy.” The apparent setback for the nonprofit provision came nearly two weeks after House leaders cancelled a vote on a bill to restrict boycotts of Israel after a backlash from right-wing legislators who voiced opposition to the measure on free speech grounds. Lara Friedman, president of the Foundation for Middle East Peace, said it would be “interesting” to see how Republican leaders would deal with staunchly pro-Israel measures like the “nonprofit killer” going forward. “They on the one hand likely see this as a fun opportunity to embarrass Democrats – whose opposition will be framed as anti-Israel or enabling terror and antisemitism – and on the other hand they have to worry about principled opposition from within their own ranks,” Friedman told Al Jazeera in a statement."
"Ex-footballer Gary Lineker exits BBC presenting role amid antisemitism row","Britain’s top football host is ‘bowing out by mutual agreement’ after backlash to a social media post about Zionism.","Published On 19 May 202519 May 2025","https://www.aljazeera.com/sports/2025/5/19/gary-lineker-leaves-bbc-amid-anti-semitism-row-pro-palestinian-comments","tag/israel-palestine-conflict/","Gary Lineker, a former England captain and the face of football on British television for more than two decades, will leave the BBC, the public broadcaster said in a statement on Monday. Lineker, 64, had been due to cover the 2026 FIFA World Cup for the BBC, but his early departure comes after he apologised last week for sharing a social media post about Zionism which featured a picture of a rat, historically used as an anti-Semitic insult. Lineker said that he deleted the posts after learning of the offensive references. According to multiple British media reports, the high-profile host is “bowing out by mutual agreement”. He rose to become the BBC’s highest-paid star after presenting its Match of the Day (MOTD) highlights show for 25 years. The BBC announced last November that he would step down from MOTD this year, but carry on working for it until 2026. “Gary has acknowledged the mistake he made. Accordingly, we have agreed he will step back from further presenting after this season,” BBC director general Tim Davie said in a statement. Lineker repeated his apology on Monday, saying he would never consciously repost anything anti-Semitic. “I recognise the error and upset that I caused, and reiterate how sorry I am,” he said. “Stepping back now feels like the responsible course of action.” In recent years, Lineker’s desire to put forward his political views on social media has caused headaches for the BBC, which has strict rules on impartiality. He was temporarily taken off air in 2023 after he criticised the previous government’s immigration policy on social media. In 2018, he opposed Brexit and called for a second referendum. But it was Lineker’s support for the Palestinians affected by the war on Gaza that most recently brought him into conflict with the BBC. Lineker had already caused friction at the public broadcaster when he recently said Israel was to blame for the origins of the Gaza conflict, because it turned the occupied territory into an “outdoor prison”. Speaking on May 9 in an interview with The Telegraph at the Football Business Awards, just days before he was accused of the anti-Semitic social post on X, Lineker expressed that his issues are with the Israeli government rather than Jewish people. “Obviously, October 7 was awful, but it’s very important to know your history and to study the massacres that happened prior to this, many of them against the Palestinian people,” he said in the interview with The Telegraph, which was published last Thursday, on May 15. “Yes, Israelis have a right to defend themselves. But it appears that Palestinians don’t – and that is where it’s wrong. Palestinians are caged in this outdoor prison in Gaza, and now it’s an outdoor prison that they’re bombing,” Lineker added. In the same interview, the TV host also disputed whether Israel could justifiably argue that it was still acting in self-defence. “I understand that they needed to avenge, but I don’t think they’ve helped their own hostage situation at all,” Lineker said. “People say it’s a complex issue, but I don’t think it is. It’s inevitable that the Israeli occupation was going to cause massive problems, and I just feel for the Palestinians.” The former striker played for England for eight years until 1992 and had been a top scorer for Leicester City, Everton and Tottenham Hotspur in the 1980s and early 1990s. He is also the co-founder of a podcasting production business, Goalhanger, which makes series such as the podcasts The Rest Is History and The Rest Is Football. Lineker will leave his role at the BBC on Sunday after his final episode of Match of the Day."
"Thousands of Gaza’s children face imminent death under Israeli siege: UN","Food security group says more than 93 percent of children in Gaza, about 930,000, are at risk of famine.","Published On 20 May 202520 May 2025","https://www.aljazeera.com/news/2025/5/20/thousands-of-gazas-children-face-imminent-death-under-israeli-siege-un","tag/israel-palestine-conflict/","Thousands of children in Gaza are at risk of imminent death after a nearly three-month total Israeli blockade on the besieged enclave, which has spread famine, the United Nations relief chief warns. That has put 14,000 babies at risk of dying in the next 48 hours, Tom Fletcher said in an interview with the BBC on Tuesday. “We need to flood the Gaza Strip with humanitarian aid,” the UN’s undersecretary-general for humanitarian affairs said, describing the situation as “chilling”. All food, medicine and other life-saving aid had been blocked by Israel from entering Gaza beginning on March 2. As of Monday, a trickle of aid was authorised to enter for the first time since then. Addressing the European Humanitarian Forum in Brussels on Tuesday, Philippe Lazzarini, the head of the UN agency for Palestinian refugees (UNRWA), said relief organisations have run out of words to describe the horrors unfolding in Gaza at Israel’s hands. “But the worst in all this is that we are confronted with a situation: If there is political will, the war can stop. The siege being imposed on Gaza can be lifted,” Lazzarini said. Since early March, at least 57 children are reported to have died from malnutrition. A UN-backed Integrated Food Security Phase Classification (IPC) assessment says more than 93 percent of children in Gaza, or about 930,000, are at risk of famine UNRWA Director of Health Akihiro Seita added on Tuesday that the situation is getting “exponentially” worse and may soon arrive at a point that is “beyond our control”. Israel told the UN on Tuesday that it would allow the entry of 100 trucks carrying humanitarian aid, a day after it said it allowed only nine aid trucks into the enclave for the first time in more than 80 days. Both moves have been roundly slammed for fulfilling only a “drop in the ocean” of the humanitarian needs in Gaza, which has been largely reduced to rubble by Israeli air strikes and ground operations, which were expanded at the weekend. Israeli attacks continue to kill dozens of Palestinians, including many children, each day while what’s left of infrastructure and aid supplies is being destroyed. The municipality of Deir el-Balah in central Gaza announced on Tuesday that a major well, the last remaining source of drinking water in the area, was destroyed along with its generator in an Israeli strike. This comes as more than 100,000 Palestinians have been driven out of their homes and shelters in the past several days alone, according to the UN, and have nowhere safe to go as they face famine. The Israeli army on Tuesday bombed the Nasser Medical Complex in southern Gaza’s Khan Younis as well, hitting life-saving medical supplies and causing widespread destruction across the hospital’s different facilities, including oxygen lines and a laboratory. “In northern Gaza, the Indonesian Hospital is under siege by the Israeli military with patients unable to enter or get out,” Al Jazeera’s Hind Khoudary said, reporting from Deir el-Balah. “Aside from the Nasser and Indonesian hospitals, two other major hospitals in Gaza, the European and al-Awda, have been bombed and largely put out of service in the past few days,” she added. Tess Ingram, a UNICEF communications manager, explained to Al Jazeera why a scheme hatched by the United States and Israel to take control of aid distribution in Gaza was unacceptable for the international community. She said the UN and its international partners had 400 distribution points all over Gaza to help Palestinians whereas now only a “handful” of militarised points in southern Gaza will be used under the US-Israel plan. “This would mean that people would have to walk a long way to collect a packet that weighs up to 25kg [55lb] and then walk back again,” she said.    Speaking on Monday, Israeli Prime Minister Benjamin Netanyahu emphasised that only a “minimal” amount of aid will be allowed into Gaza for diplomatic and political reasons as international pressure and condemnation is directed at him and his government. His far-right national security minister, Itamar Ben-Gvir, said allowing any aid into Gaza while some Israeli captives taken during the Hamas-led attacks on October 7, 2023, are still held inside the enclave is “a grave mistake hindering our victory”. As the Israeli military and government continue to promise to “defeat” Hamas, devastating military strikes on the Palestinian territory have intensified. The Israeli army said on Tuesday afternoon that it attacked 100 targets in Gaza in the preceding 24 hours, claiming they were all “terrorist” targets. At least 53,573 Palestinians have been killed and 121,688 wounded since the start of the war, according to Gaza’s Ministry of Health.   "
"UK government suspends free trade talks with Israel over Gaza war","It also imposes new sanctions, targeting illegal Israeli settlements in the occupied West Bank.","Published On 20 May 202520 May 2025","https://www.aljazeera.com/news/2025/5/20/uk-government-suspends-free-trade-talks-with-israel-over-gaza-war","tag/israel-palestine-conflict/","The British government says it will suspend new free trade negotiations with Israel due to its military conduct in the war on Gaza, where hundreds of Palestinians have been killed in recent days under bombardment and as a new ground offensive has been launched. Speaking in Parliament on Tuesday, Foreign Secretary David Lammy said the United Kingdom was imposing additional sanctions on illegal Israeli settler outposts in the occupied West Bank, while the Israeli ambassador to the UK, Tzipi Hotovely, has also been summoned to the Foreign Office.     The actions came a day after the UK, France and Canada condemned Israel’s handling of the war in Gaza and assaults and raids in the West Bank. Prime Minister Keir Starmer ramped up his pointed criticism of Israel on Tuesday, saying the level of suffering by children in Gaza was “utterly intolerable” and repeated his call for a ceasefire. As settler violence against Palestinians, backed by the Israeli army, has surged in recent months, Lammy said the persistent cycle of violence by Israeli settlers in the West Bank demanded action. In addition to previous sanctions imposed, the UK has now imposed sanctions on another “three individuals, two illegal settler outposts and two organizations supporting violence against the Palestinian community”, he added. He said the UK’s existing trade agreement with Israel is still in effect, but new discussions cannot be undertaken with an Israeli government pursuing “egregious policies” in Gaza and the West Bank. “The Israeli government has a responsibility to intervene and halt these aggressive actions,” Lammy said. “Their consistent failure to act is putting Palestinian communities and the two-state solution in peril.” The UK’s Middle East minister Hamish Falconer will also tell Israeli ambassador to the UK, Tzipi Hotovely, that “the 11-week block on aid to Gaza has been cruel and indefensible”, Lammy added. Israel quickly denounced the UK’s decision: “Even prior to today’s announcement, the free trade agreement negotiations were not being advanced at all by the current UK government,” the Israeli Foreign Ministry said in a statement. The ministry called the UK sanctions “unjustified and regrettable. The Labour government has been heavily criticised at home for not saying or doing enough in support of Palestinians under constant fire and facing starvation in besieged Gaza. Former Labour party leader, and independent member of parliament, Jeremy Corbyn told Al Jazeera the “only one way the government can cease its complicity in genocide” is by “ending military cooperation with Israel and imposing sanctions”. “It’s quite simple: you cannot say you oppose Israel’s renewed military operation if you keep providing them with the weapons they need to carry it out.” Although the Labour government suspended some arms export licences to Israel, it made an exception for the F-35 fighter jet programme, citing its obligations to international supply chains. Meanwhile, a report from the Palestinian Youth Movement, Progressive International and Workers for a Free Palestine revealed earlier this month the UK sent “8,630 separate munitions” since the partial arms suspension took effect in September. According to the UK government’s own data released on Thursday, it approved £127.6 million worth of military equipment to Israel in single issue licenses between October to December 2024 – despite the partial arms embargo coming into place in September. Last week, a high court case was launched challenging the UK’s handling of arms export controls to Israel. Gearoid O Cuinn, founding director of the Global Legal Action Network (GLAN), which has taken the UK government to court over the sale of weapons, told Al Jazeera that the government’s decision to suspend a future trade deal has “no bearing on the immediate catastrophe in Gaza”. “It’s not a future trade deal that is facilitating the killing and starving kids, it’s the ongoing supply of British weaponry and military support.”"
"Gaza’s ongoing Nakba","Palestinians in Gaza remember the Nakba and Al Jazeera’s Hani Mahmoud explains how they’re experiencing it again.","Published On 20 May 202520 May 2025","https://www.aljazeera.com/program/between-us/2025/5/20/gazas-ongoing-nakba","tag/israel-palestine-conflict/","As Palestinians in Gaza remember the violent displacement of the Nakba 77 years on, Al Jazeera’s Hani Mahmoud explains how they’re experiencing it again."
"Israel deserves “no applause” for allowing some food into Gaza","“If this was about getting food to the people of Gaza, there are existing organisations.”","Published On 20 May 202520 May 2025","https://www.aljazeera.com/video/quotable/2025/5/20/israel-deserves-no-applause-for-allowing-some-food-into-gaza","tag/israel-palestine-conflict/","Political analyst Omar Baddar says Israel’s decision to allow limited food aid into Gaza–through a new US-backed foundation– should not to be celebrated. There’s been a total blockade on Gaza since March 2. The US and Israel say a new organisation is needed to ensure aid does not reach Hamas."
"Europa League final: Man Utd vs Tottenham – all you need to know","Manchester United play Tottenham Hotspur in Europa League final as both teams look to end an awful season on a high.","Published On 20 May 202520 May 2025","https://www.aljazeera.com/sports/2025/5/20/uefa-europa-league-final-man-utd-vs-tottenham-start-team-news-lineups","sports/","Who: Manchester United vs Tottenham HotspurWhat: UEFA Europa League final 2025Where: San Mames Stadium in Bilbao, SpainWhen: Wednesday at 9pm (19:00 GMT) Follow Al Jazeera Sport‘s live text and photo commentary stream. Manchester United clash with Tottenham Hotspur on Wednesday in an all-English Europa League final, which has major implications on and off the field. The winner of this final not only – and unexpectedly, based on their horrendous bottom-five domestic form – take home a European crown, but also punch their golden ticket for entry into next season’s lucrative UEFA Champions League, resulting in tens of millions of dollars in extra revenue. Al Jazeera Sport chronicles the key talking points ahead of a classic winner-takes-most showdown between two of England’s highest-profile clubs looking to reverse their regrettable seasons with an unexpected European triumph. There has never been any final, in any UEFA competition, where both clubs have been so low in their domestic league tables. Both clubs head to Bilbao for the final, assailed by stinging criticism amid their worst seasons of the English Premier League era. United sit 16th on the ladder, and Tottenham are one point worse off in 17th, with just one league game remaining. Only the struggles of relegated trio Ipswich, Leicester and Southampton saved United and Tottenham from a highly embarrassing battle to avoid crashing into the second-tier championship. UEFA allows the winners of their second-tier Europa League competition direct entry into the 2025-26 UEFA Champions League, without the need for additional qualifying matches. Additionally, they will earn the right to play against the winners of the 2024-25 Champions League in the UEFA Super Cup on August 13. For the losers of the final in Bilbao, the hangover from this catastrophic domestic season threatens to be a long one, with the possibility of European football exile until at least the 2026-27 season. The winners of the Europa League final could receive up to a 65-million-euro ($73m) boost. This calculation is reached by combining the Europa League prize money and the TV and gate revenue derived from the winning team’s participation in the league phase of next season’s Champions League. The teams last met at Tottenham Hotspur Stadium in London on February 16, with James Maddison’s 13th-minute game-winner handing the home team a 1-0 victory against United. Spurs have won all three of their meetings with United in all competitions this season, twice in the Premier League and once in the EFL Cup quarterfinals. United’s last win in the Premier League was on March 16, a 3-0 victory at Leicester. Since then, Ruben Amorim’s side has registered six defeats and two draws in the domestic competition. United’s only two victories in May came in the Europa League semifinals against Athletic Club. Spurs have been equally dreadful in the final two months of the Premier League season, losing five and drawing once in their last six games. Their last domestic league victory was a 3-1 home win against Southampton way back on April 6, leading to constant media speculation that manager Ange Postecoglou’s job is under threat for next season. San Mames Stadium in Bilbao, Spain is the venue for the final. With a seating capacity in excess of 50,000, the stadium is home to Athletic Club, who, by chance, are the team Manchester United defeated on May 8 in the Europa League semifinal to progress to the final. UEFA has confirmed that the two teams will receive an allocation of 15,000 tickets each, with a further 11,000 tickets up for general sale and the remainder offered to hospitality and sponsors. According to Manchester United’s official website, the Red Devils received a triple boost on the eve of the UEFA Europa League final with sidelined stars Diogo Dalot, Leny Yoro, and Joshua Zirkzee spotted taking part in the team’s build-up training session on Tuesday. Zirkzee had been ruled out for the rest of the season after suffering a hamstring injury in April, but could be available for selection after missing United’s last eight games. Another Dutchman, centre-back Matthijs de Ligt, is also questionable ahead of the match, but he was seen running through some training drills in an individual workout on Tuesday. Striker Rasmus Hojlund, who has struggled up front for large parts of the season, is tipped to lead the line for Amorim’s side. Spurs will line up without key midfield players Maddison and Dejan Kulusevski, as well as promising youngster Lucas Bergvall, who are all ruled out with injury. Maddison, who was set to miss the rest of the season with a knee issue, did board the team bus for Bilbao, leading to rampant media speculation he might play in the final, despite being ruled out by Postecoglou. Tottenham captain Son Heung-Min, who sustained a foot injury in April and missed seven consecutive matches, is on course to be fit for the final after making his first start against Aston Villa last Friday, according to the team. Better news in the backline for Tottenham, with previously injured defenders Cristian Romero and Micky van de Ven both available for selection. United possible starting XI: Onana (GK); Yoro, Maguire, Lindelof; Mazraoui, Casemiro, Ugarte, Dorgu; Fernandes, Amad; Hojlund Tottenham possible starting XI: Vicario (GK); Porro, Romero, Van de Ven, Udogie; Sarr, Bissouma, Bentancur; Johnson, Solanke, Son The winners of the 2025 Europa League final will receive a prize money of 13 million euros ($14.6m). The runners-up are allocated 7 million euros ($7.87m). Both clubs could use the money to pay down their debt: Spurs recorded an annual operating loss of 26 million pounds ($34.7m) last year, while United’s deficit was 113 million pounds ($151m) over the same period. Ruben Amorim, Manchester United manager: “I feel it’s a mixed feeling. I’m really excited, but at the same time, I know my responsibility as Manchester United coach. I have always [had] that feeling of frustration for the season, so I want really badly to help the team win this final. We’ve got to give something to the club, to the fans, to the staff, to everybody.” Ange Postecoglou, Tottenham Hotspur manager: “I mean, who cares if we’re struggling in the league? Why is that important? If it’s so easy to get to a final, then why doesn’t everyone who finishes in the top three do it? “We understand our league form hasn’t been great. We understand the struggles we’ve had. A lot of them are because of the situation we’ve been in. But how does that diminish the achievement of getting to a final? “I couldn’t care less who’s struggling and who’s not. I think both us and United have earned the right to be there.” Son Heung-Min, Tottenham captain: “We always respect our opponents, but I think it’s important to do what we need to do. I think the Manchester United players would think the same. It’s definitely going to be a great game, but it will be a difficult one. But I think we want to win it even more. “I have accomplished everything in the 10 years I’ve been at Tottenham, except for one thing [winning a European title]. I’ve worked hard to make up for that and have always dreamed of winning a trophy in a Tottenham shirt. So, I hope we can make that dream a reality.”"
"Ex-footballer Gary Lineker exits BBC presenting role amid antisemitism row","Britain’s top football host is ‘bowing out by mutual agreement’ after backlash to a social media post about Zionism.","Published On 19 May 202519 May 2025","https://www.aljazeera.com/sports/2025/5/19/gary-lineker-leaves-bbc-amid-anti-semitism-row-pro-palestinian-comments","sports/","Gary Lineker, a former England captain and the face of football on British television for more than two decades, will leave the BBC, the public broadcaster said in a statement on Monday. Lineker, 64, had been due to cover the 2026 FIFA World Cup for the BBC, but his early departure comes after he apologised last week for sharing a social media post about Zionism which featured a picture of a rat, historically used as an anti-Semitic insult. Lineker said that he deleted the posts after learning of the offensive references. According to multiple British media reports, the high-profile host is “bowing out by mutual agreement”. He rose to become the BBC’s highest-paid star after presenting its Match of the Day (MOTD) highlights show for 25 years. The BBC announced last November that he would step down from MOTD this year, but carry on working for it until 2026. “Gary has acknowledged the mistake he made. Accordingly, we have agreed he will step back from further presenting after this season,” BBC director general Tim Davie said in a statement. Lineker repeated his apology on Monday, saying he would never consciously repost anything anti-Semitic. “I recognise the error and upset that I caused, and reiterate how sorry I am,” he said. “Stepping back now feels like the responsible course of action.” In recent years, Lineker’s desire to put forward his political views on social media has caused headaches for the BBC, which has strict rules on impartiality. He was temporarily taken off air in 2023 after he criticised the previous government’s immigration policy on social media. In 2018, he opposed Brexit and called for a second referendum. But it was Lineker’s support for the Palestinians affected by the war on Gaza that most recently brought him into conflict with the BBC. Lineker had already caused friction at the public broadcaster when he recently said Israel was to blame for the origins of the Gaza conflict, because it turned the occupied territory into an “outdoor prison”. Speaking on May 9 in an interview with The Telegraph at the Football Business Awards, just days before he was accused of the anti-Semitic social post on X, Lineker expressed that his issues are with the Israeli government rather than Jewish people. “Obviously, October 7 was awful, but it’s very important to know your history and to study the massacres that happened prior to this, many of them against the Palestinian people,” he said in the interview with The Telegraph, which was published last Thursday, on May 15. “Yes, Israelis have a right to defend themselves. But it appears that Palestinians don’t – and that is where it’s wrong. Palestinians are caged in this outdoor prison in Gaza, and now it’s an outdoor prison that they’re bombing,” Lineker added. In the same interview, the TV host also disputed whether Israel could justifiably argue that it was still acting in self-defence. “I understand that they needed to avenge, but I don’t think they’ve helped their own hostage situation at all,” Lineker said. “People say it’s a complex issue, but I don’t think it is. It’s inevitable that the Israeli occupation was going to cause massive problems, and I just feel for the Palestinians.” The former striker played for England for eight years until 1992 and had been a top scorer for Leicester City, Everton and Tottenham Hotspur in the 1980s and early 1990s. He is also the co-founder of a podcasting production business, Goalhanger, which makes series such as the podcasts The Rest Is History and The Rest Is Football. Lineker will leave his role at the BBC on Sunday after his final episode of Match of the Day."
"Scheffler pulls away from Rahm for runaway PGA Championship victory","World number one Scottie Scheffler outlasts a final round challenge from Jon Rahm to record a five-stroke victory.","Published On 19 May 202519 May 2025","https://www.aljazeera.com/sports/2025/5/19/us-pga-championship-2025-scottie-scheffler-wins-third-major-title","sports/","Scottie Scheffler held off a spirited effort by Spain’s Jon Rahm to secure a five-shot PGA Championship victory at Quail Hollow Club for his third career major title. The top-ranked Scheffler, who was three shots clear of Swede Alex Noren at the start of the day, struggled off the tee early on Sunday but righted the ship in time for the back nine to card an even-par 71 that left him at 11 under for the week. “I knew it was going to be a challenging day, finishing off a major championship is always challenging,” Scheffler said on the 18th green after being presented with the Wanamaker Trophy. “I didn’t have my best stuff … but stepped it up on the back nine.” Ryder Cup hopeful Harris English, who began his day 11 shots adrift, shot a 65 that was the low round of the day and finished in a distant share of second place alongside fellow Americans Bryson DeChambeau (70) and Davis Riley (72). Twice major champion Rahm (73) gave Scheffler a scare early on the back nine but came apart in stunning fashion with five dropped shots over his final three holes to slide back into a share of eighth place. Rahm, who began the day five shots back of the lead and playing two groups ahead of Scheffler, took a while to get going in the final round but found his groove right in time to set up some back-nine drama at Quail Hollow Club. The Spaniard joined Scheffler atop the leaderboard when, at the par-four 11th, he made his third birdie over a four-hole stretch, but Scheffler reclaimed the outright lead with a 9-foot birdie at the 10th moments later. Rahm nearly answered right back, but his perfectly paced 19-foot birdie attempt at the par-three 13th curled around and out of the cup before going on to misread birdie putts at the next two holes, followed by his brutal closing stretch. Scheffler added birdies at 14 and 15 and then saw his lead suddenly grow to five over JT Poston after Rahm made double-bogey at the par-three 17th, where he blasted his tee shot into the water. “It’s a tough pill to swallow right now,” said Rahm. “Pretty fresh wound right now. But there’s been a lot of good happening this week and a lot of positive feelings to take for the rest of the year.” US Open champion DeChambeau, who finished runner-up at last year’s PGA Championship, was driving the ball and giving himself chances, but struggled on the greens. “I felt like I had the game to win this week, and the golf course suited me pretty well, missed a few putts coming down the stretch and got a little unlucky in this great game of golf,” said DeChambeau. “It was a good fight, good battle, take a lot from it. It’s just burning a bigger fire in my belly.” Noren, playing alongside Scheffler and alone in second place to start the day, stayed in the mix until his round unravelled with a trio of bogeys early on the back nine. Scheffler took home a $3.42m top prize from a record $19m purse."
"Gilgeous-Alexander, Thunder oust Nuggets, move on to NBA West finals","Oklahoma City Thunder dominate Game 7 decider against Denver Nuggets to set up Minnesota Timberwolves West finals clash.","Published On 19 May 202519 May 2025","https://www.aljazeera.com/sports/2025/5/19/thunder-vs-nuggets-okc-win-game-7-reach-western-conference-finals","sports/","Shai Gilgeous-Alexander scored 35 points to lead the Oklahoma City Thunder to a 125-93 home win over the Denver Nuggets in Game 7 of their Western Conference second-round NBA playoff series. The Thunder advanced to the Western Conference finals for the first time since 2016. They open the conference finals against the Minnesota Timberwolves at home on Tuesday. After scoring just six points in Thursday’s loss, Thunder All-Star Jalen Williams bounced back in a big way, pouring in 24 points on 10-of-17 shooting in Sunday’s Game 7. Gilgeous-Alexander was 12 of 19 from the floor with three steals and no turnovers. “He [Williams] was amazing,” said Gilgeous-Alexander. “He wouldn’t have played the way he played today last year, I know that 100 percent. To see him take that step forward is a really proud moment.” Early on, it looked like the Nuggets were carrying over the momentum from their Game 6 win. They led by double digits with a minute left in the first quarter before the Thunder ripped off a 13-0 run spanning the first and second quarters to take the lead for the first time. The Thunder grabbed the lead for good on Luguentz Dort’s 3-pointer with 7 minutes 20 seconds left in the first half. They closed the first half on an 18-5 run, including back-to-back Nuggets turnovers that led to Williams’s buckets at the other end and helped the Thunder build a 60-46 lead at half time. Then the Thunder put the game on ice with a 37-point third quarter, with 10 of those coming off the Nuggets’ five turnovers. The Thunder led by as many as 43 points in the fourth quarter. The Nuggets were also 3 of 14 from beyond the arc in the third quarter and finished the game just 10 of 45 on 3-pointers. “To have the start we wanted and then to have it go sideways so quickly [was tough],” said Nuggets’ interim coach David Adelman. “I thought we controlled the pace of the game early, it’s easy to forget that now … Once they got back into it, they kept bringing new people in and it did overwhelm us.” A big part of the Thunder’s success was thanks to Alex Caruso’s defence. Despite a considerable deficit, Caruso spent plenty of time on Nuggets star Nikola Jokic, who often found it difficult to find shots against Oklahoma City’s top-ranked defence. Jokic scored 20 points on 5-of-9 shooting, while Caruso finished with a game-best plus-40 plus/minus rating. “The volume of it today was a result of how effective it was, but looking at it was a priority going into today,” said Thunder head coach Mark Daigneault regarding Caruso’s efforts. “He did an unbelievable job individually.” The Thunder scored 37 points off Denver’s 23 turnovers, while giving the ball up just 10 times themselves. Nuggets forward Aaron Gordon, who suffered a hamstring injury late in Game 6 and was a game-time decision, played more than 24 minutes, finishing with eight points and 11 rebounds. “It means a lot, specifically for the city,” said Gilgeous-Alexander on advancing to the conference finals. “They’ve been so good all year. They’ve been behind us, through good, through bad. No team in the league has a home-court advantage like we do.”"
"Messi, Miami stunned 3-0 by Orlando in MLS","Lionel Messi’s Inter Miami had one of their worst performances of the season, losing at home to their Florida rivals.","Published On 19 May 202519 May 2025","https://www.aljazeera.com/sports/2025/5/19/lionel-messi-inter-miami-lose-to-orlando-city-in-mls","sports/","Lionel Messi’s frustration grew as Inter Miami’s miserable run continued with a 3-0 loss at home to Orlando City in Major League Soccer (MLS). The Florida derby defeat on Sunday leaves Miami with one win from their last seven games in all competitions. They have slipped to sixth in the Eastern Conference, with Orlando leapfrogging them. Messi had just two shots on target and scuffed a free-kick as his form slumped with that of his team. “Now, we’ll truly see if we’re a team in difficult times, because when everything’s going well, it’s very easy,” Messi told Apple TV. “When difficult times come, that’s when we have to be more united than ever, be a true team, and pull ourselves together,” he added. Messi questioned the refereeing, but in truth, the loss had little to do with officiating and much to do with shambolic defending, a disjointed midfield and a punchless attack led by the rapidly fading Luis Suarez. Orlando grabbed the lead in the 43rd minute with a goal of absurd simplicity. Goalkeeper Pedro Gallese launched the ball downfield, and Luis Muriel ran clear and slotted past Oscar Ustari. The visitors were getting plenty of joy from going direct against a Miami backline, which was all at sea. Argentinian Martin Ojeda should have done better when he found himself clear on goal, but blasted over. Miami’s veteran keeper Ustari made a fine double save, but then the 38-year-old found himself to blame for Orlando’s second goal. The ball fell to Marco Pasalic on the edge of the box, and his low shot went through the hands and legs of Ustari to double the Orlando lead. Miami coach Javier Mascherano threw on attacking players in a bid to retrieve something from the game, but it was in vain. In the fourth minute of stoppage time, Duncan McGuire broke down the left, and his low cross was slotted home by Icelandic forward Dagur Thorhallsson to wrap up an impressive performance from the visitors. Miami have conceded 20 goals in their last seven games, with their only victory coming against the New York Red Bulls on May 3. Mascherano said the first goal changed the game. “I’d say for 25 or 30 minutes, we had it completely under control playing in the opponent’s half, but this is how it is, clearly. I’m not going to deny what the result is,” he said. Miami’s MLS campaign was going well until their exit in the Concacaf Champions Cup at the hands of the Vancouver Whitecaps. Mascherano admitted the team’s morale had been hit. “Clearly, something has happened where the team has lost a lot of confidence. We have had a drop in level, individually and collectively, and it’s clear one way or another – we have tried with different schemes, different names, and still today, we are hurting. We will keep trying to find a way.”"
"Red Bull’s Max Verstappen wins F1 Emilia-Romagna GP in Italy","Reigning world champion wins for the fourth straight time at Imola, defeating McLaren’s Lando Norris and Oscar Piastri.","Published On 18 May 202518 May 2025","https://www.aljazeera.com/sports/2025/5/18/verstappen-beats-norris-piastri-in-f1-emilia-romagna-gp-at-imola","sports/","Max Verstappen has given his Formula 1 title defence a big boost with victory at the Emilia-Romagna Grand Prix after a daring overtake on standings leader Oscar Piastri at the start. The Dutch driver built a commanding lead on Sunday that was wiped out when the safety car bundled the field back up. He still held on to win ahead of Lando Norris, who overtook his McLaren teammate Piastri for second with five laps remaining. Verstappen took his second win of the season and first since last month’s Japanese Grand Prix and denied Piastri – who finished third – what would have been his fourth victory in a row. Verstappen praised his Red Bull team’s “fantastic execution all round” as the team marked its 400th F1 race with a win. “The start itself wasn’t particularly great, but I was still on the outside line, or basically the normal [racing] line, and I was like, ‘Well, I’m just going to try and send it round the outside,’ and it worked really well,” Verstappen said of his crucial overtake. “That, of course, unleashed our pace because once we were in the lead, the car was good.” Norris’s late-race move on Piastri was almost a copy of Verstappen’s although Norris had the advantage of being on fresher tyres than his teammate. “We had a good little battle at the end between Oscar and myself, which is always tense but always good fun,” Norris said, admitting that Verstappen and Red Bull were “too good for us today”. Piastri’s lead over Norris in the standings was cut to 13 points. Verstappen rounds out the top three at nine points behind Norris. Lewis Hamilton recovered from 12th on the grid to finish fourth in his first race for Ferrari in Italy. Hamilton profited from a late-race fight between his teammate Charles Leclerc and Alex Albon of Williams. Albon complained Leclerc had pushed him off the track as they battled for fourth, and Hamilton passed both drivers before Ferrari eventually asked Leclerc to yield fifth to Albon. George Russell was seventh for Mercedes, ahead of Carlos Sainz Jr in the second Williams. Isack Hadjar was ninth for Racing Bulls, and Verstappen’s Red Bull teammate Yuki Tsunoda was 10th after starting last following a crash in qualifying. Overtaking was expected to be rare in what could be F1’s last race for the foreseeable future at Imola. Instead, the Italian fans were treated to Verstappen’s spectacular move at the start and plenty of other overtakes. The narrow, bumpy Imola track has been a favourite among drivers, who have relished its old-school challenge since it returned to the F1 schedule during the COVID-19 pandemic. Still, its status as Italy’s second race – only the United States also hosts more than one – makes its position vulnerable. “If we don’t come back here, it is going to be a shame,” Piastri said on Saturday. Sunday’s race was the last under Imola’s current contract, and while it isn’t officially goodbye yet, there has been no word about next year."
"Crystal Palace beat Man City 1-0 in FA Cup final at Wembley","Crystal Palace win their first major trophy by beating Manchester City 1-0 in the FA Cup final at Wembley stadium.","Published On 17 May 202517 May 2025","https://www.aljazeera.com/sports/2025/5/17/fa-cup-final-2025-crystal-palace-defeat-man-city-in-major-upset","sports/","Crystal Palace’s Eberechi Eze sparked a massive south London party by scoring the only goal to win the FA Cup 1-0 against Manchester City and claim the club’s first major trophy in their history. Local man Eze volleyed in after 16 minutes, former Manchester United goalkeeper Dean Henderson performed heroics in the Palace goal, and City contrived to waste a sack-load of chances, including a penalty, in an enthralling final on Saturday. After England forward Eze, whose goals in the last eight and semis fired his team into the final for the third time, scored completely against the run of play, Palace had to survive a City siege to spark wild celebrations. Omar Marmoush had a first-half penalty saved by Henderson as City lost in the Cup final for a second successive season, summing up a harrowing campaign in which they have been dethroned as the powerhouse of English football and will go without a domestic trophy for the first time since 2016-17. For Palace’s massed ranks decked in purple and blue, it was a day of unbridled joy as Oliver Glasner’s team rode their luck to make it third time lucky after suffering defeats in their previous two FA Cup final appearances in 1990 and 2016. Glasner, who took charge of the club 15 months ago, becomes the first Austrian coach to win the FA Cup. City have been a pale imitation of the side that has dominated the English game for most of the past decade. But the way they began at Wembley suggested that Pep Guardiola’s side were determined to prove that talk of their demise had been greatly exaggerated. Having picked an ultra-attacking lineup shorn of defensive midfielders, City hemmed Palace deep inside their own half for the opening 15 minutes with Kevin De Bruyne pulling the strings on what was his last Wembley appearance in City’s colours. His lofted ball picked out Erling Haaland, whose stretching effort at the far post was brilliantly saved by Henderson, who also shortly afterwards beat out Josko Gvardiol’s header. Palace finally broke the siege, and in their first foray beyond the centre circle, they ripped through City’s lines. Jean-Philippe Mateta played in Daniel Munoz, and his cross was met by Eze, who flashed a first-time volley past Stefan Ortega to provoke an eruption of noise from the Palace fans. Ismaila Sarr nearly made it 2-0, but Ortega saved, and Palace’s hearts were in their mouths when Henderson appeared to have handled the ball outside his area under pressure from Haaland, but a subsequent VAR check spared him a possible red card. There was no escape for Palace defender Tyrick Mitchell when he tripped Bernardo Silva, and referee Stuart Attwell pointed to the spot. Surprisingly, Haaland did not take it and instead Omar Marmoush stepped forward for his first penalty since joining City in January, but his effort lacked conviction and Henderson dived to his right to save. Henderson made a flying save to keep out Jeremy Doku’s curling effort as Palace reached half-time ahead despite having only 19 percent of possession. Munoz thought he had made it 2-0 just past the hour mark, but a lengthy VAR check ruled his effort out for offside. Seven-time winners City went close numerous times after the break, with Henderson and his defenders performing heroics to preserve Palace’s lead. A huge groan went up from the Palace fans as 10 minutes of stoppage time, but after more close shaves and nail-biting, the final whistle sounded and the club’s anthem Glad All Over bellowed around the stadium."
"Crystal Palace net first trophy by defeating Man City in FA Cup – reaction","All our updates, including reaction, as Crystal Palace beat Manchester City 1-0 in the FA Cup final at Wembley Stadium.","Published On 17 May 202517 May 2025","https://www.aljazeera.com/sports/liveblog/2025/5/17/live-fa-cup-final-2025-man-city-vs-crystal-palace","sports/","This page is now closed, but a summary of the football match is available below, and you can go here for our full match report."
"Thanks for the memories: Everton’s famous Goodison Park stages final game","Everton play their final Premier League match at Goodison Park on Sunday at a venue steeped in history and tradition.","Published On 17 May 202517 May 2025","https://www.aljazeera.com/sports/2025/5/17/everton-vs-southampton-goodison-park-stages-final-premier-league-match","sports/","Liverpool, England – “I love it when it gets like this,” exclaimed the man beside me as he rubbed his hands with glee. It was the Halloween of 2009 and in the gloom of an early winter’s afternoon, Goodison Park was at its best. Everton were playing Aston Villa in a league match, which was becoming increasingly bad-tempered. Two late red cards, an appalling referee and the floodlights taking full effect. It was the perfect recipe for a big bowl of Goodison fury. The game finished as an unmemorable 1-1 draw, but the sheer delight of the man in the neighbouring seat long stayed with me. His excitement was a reminder to relish those rare occasions when the entire audience at this glorious theatre of football are united in emotion. And nowhere does emotion quite like Goodison Park. Fury, relief, joy and despair – and that’s just a two-nil defeat to Norwich in the League Cup fourth round. Fans sitting in this footballing relic have felt it all throughout the stadium’s long and illustrious history. If they gave out Ballon d’Ors for booing, Everton would need a separate stadium just to house the trophy cabinet. But on Sunday, there will be new emotions to add to the list – because everything is about to change. A 133-year chapter in the story of Everton is about to end, as Goodison Park hosts the men’s team for the final time. “Goodison has just always been there, there’s not an Evertonian alive that has watched Everton anywhere else,” said Matt Jones, host of the Blue Room podcast. Like thousands of fellow fans, he will spend the weekend grappling with various emotions. “I feel a bit like a dad watching his daughter get married at a wedding and everything’s starting to make him cry. As you get closer and closer to the day, you get more and more emotional,” Jones told Al Jazeera Sport. At its most basic level, Sunday’s fixture against Southampton is game number 2,791 for the Everton men’s senior team at Goodison. But for Evertonians, it represents so much more. A part of our identity is about to be lost. I’ve grown from a boy to a man in various seats in every stand of that grand old stadium, learning every swear word there is to know along the way. The highs and lows of the last 30 years have been intertwined with trips there, with the ground somehow able to block out everyday life for 90 precious minutes. Much like the inability to get a phone signal inside, you leave your troubles at the turnstile. I’ve taken various partners to Goodison (one said that she had “never seen rage quite like it”), with most of those relationships ending in the same sort of heartbreak as an Everton cup run. But I’ve always felt privileged to sit inside a real-life museum of football. Surrounded by history, tradition and furious middle-aged men abusing anything that moves. The next page of the Everton story will see the men’s team relocate to a 53,000-capacity stadium at Bramley Moore Dock. The impressive structure sits on the banks of the river Mersey and, for the sake of sponsorship, will be called the Hill Dickinson Stadium. Life in such a shiny, modern arena will be a huge adjustment for one of the oldest teams in English football. “It’s that feeling of leaving your family home. It’s the only way I can describe it,” said Merseyside-based sports reporter Giulia Bould. “You know you’re going to a house with a load of mod cons and you know your life’s going to be so much easier in this new house, but you’ve got to leave your family home. It’s weird,” she added. This season has been filled with finals for Everton, although sadly not the ones that are played at Wembley with a trophy on the line. Instead, each fixture at Goodison has ticked another final occasion off the list. From the final cup game to the final night match, even the final Saturday 3pm kickoff has had a shoutout. But on Sunday, it really will be the finale – although only for the men’s team. Just days before what was due to be the final ever Goodison game, Everton announced that the old stadium would be granted a stay of execution. The bulldozers won’t move in – instead the women’s team will. “I think it’s perfect,” said Bould as she reflects on the decision from Everton’s American owners to pass Goodison over to the women’s team. “Under the previous owner, the women’s side has long been ignored and run into the ground really, it’s been pretty much treated as second rate. But now it has been put on a level where it should be, setting the precedent for everyone else,” Bould told Al Jazeera Sport. Goodison Park is no stranger to setting a precedent. It was the first purpose-built football stadium in England and the first to install dugouts and undersoil heating. The Toffees’ long run without relegation means it’s hosted more English top-flight football games than anywhere else. Goodison was also the venue for an FA Cup Final and a World Cup semifinal, with Pele and Eusebio both also scoring there during the 1966 tournament. Even North Korea has graced the Goodison turf. The storied history of Everton’s home has caught the imagination of some of the greats of the modern game. Jose Mourinho called the place “the history of English football”, while Arsene Wenger described it as “one of the noisiest” stadiums he’s managed in. Sir Alex Ferguson once spared former Evertonian Wayne Rooney from an afternoon at Goodison with Manchester United, purely because of the abuse he would receive. Visiting Goodison Park today feels vastly removed from the riches of modern English football. To put it bluntly, the stadium is no longer fit for purpose. But that is what makes it magical. “It is the closest you can get to travelling through time to watch football,” said photographer and Evertonian Gary Lambert. That time travel begins before you even set foot in the stadium. “Physically, Goodison is an imposing place. It appears out of nowhere between the rows of terraced houses,” said Lambert. Once inside, the stadium’s history unravels through the various sights and sounds. Obstructed views are common, with posts and pillars causing many a strained neck. And the unique Archibald Leitch criss-cross design runs down the middle of the ancient Bullens Road stand. “Goodison Park is the bluest place on earth. The brickwork on three-quarters of the ground is painted a vivid shade of royal blue. “It doesn’t matter what tweaked blue hue the latest kit manufacturer might tone the latest home shirt, it’s that blue outside which is Everton’s blue,” Lambert told Al Jazeera Sport. But there is one particular quirk that stands out above them all and it happens whenever Everton go on the attack. “There are still so many old-fashioned wooden seats, so the seats bang and click as everyone moves to stand up,” said Bould. The chorus of wooden clangs is something she will miss when Everton move away from their historical home. “That clicking noise, you don’t hear that anywhere. That, for me, is Goodison.” Like all Everton fans, I’ll miss the matchday routines around Goodison. Parking near the snooker hall, a pre-match pint in Crofts Social Club, the endless queues for the loo. I might even miss the lack of legroom. It’s troubling to comprehend life after Goodison for Everton’s men. The two are so connected and so well-suited. Everton is Goodison and Goodison is Everton. A divorce after 133 years was always going to hurt. But change is needed for a club still clinging to former glories. Everton’s new ground could be the chance for a new start. The Hill Dickinson Stadium doesn’t suit us, but it represents the new world of football, where money is power. In many ways, Sunday’s fixture will be a changing of the guard as the grand old team is hurtled into the modern age. “We’re at the end of such a long journey now at Goodison. And at just the very start and the very first step of a new one. “And maybe we’re quite privileged to be at this crossover point and experience both of them,” said Jones."
"‘I dream of an all-African lineup at the Olympics’: Letsile Tebogo","Tebogo talks to Al Jazeera about breaking the American and Jamaican dominance, and the future of sprinting in Africa.","Published On 17 May 202517 May 2025","https://www.aljazeera.com/sports/2025/5/17/q-african-sprinters","sports/","Doha, Qatar – Loud cheers greeted Letsile Tebogo when he stepped onto the track for the men’s 200-metre race at the World Athletics Doha Diamond League in Qatar and stepped away a winner a few minutes later. The Botswanan Olympic gold medallist made his Doha debut with a time of 20.10 seconds on a balmy Friday evening, coolly glancing sideways at his closest competitor as he crossed the finish line 0.01s ahead of Courtney Lindsey of the United States (US). It was a leisurely run compared with his triumphant 19.46s finish at the Stade de France nine months ago, when he left a star-studded American lineup – including 100m gold medal winner Noah Lyles – in his wake as he brought Botswana its first Olympic gold. As a young boy, Tebogo was a keen footballer with a preference for manning the left wing, but was pushed towards athletics by his teachers. Seven years later, the reluctant sprinter made the world sit up and take notice as he became the first African to win a 200m gold at the Olympics. A day prior to the Doha Diamond League, the World Athletics 2024 Athlete of the Year sat down with Al Jazeera to reflect on his achievement in Paris and its the impact on the African continent: Al Jazeera: How has life changed for you since winning the Olympic gold?Letsile Tebogo: In so many ways. To begin with, there’s increased awareness of the scale of my achievement, which has brought along commercial interest. I now have multiple opportunities to support myself as multiple brands want to be associated with my name. What I’m most excited about, though, is the impact I have made on aspiring athletes. I have proved that by staying on the right track and working hard, it is possible to achieve your dreams no matter which part of the world you’re from. Wherever you are, whatever you have, just make sure you put in enough effort and dedication. Al Jazeera: How difficult is it for you to step out of your house when you’re in Botswana?Tebogo: I’m never out unless it’s for an event. I stay locked up indoors because I don’t want to be out there too much.
I like having an element of mystery and want to leave people wondering: where is he, what’s he doing? Al Jazeera: How does it feel to break the American and Jamaican hold on sprinting medals at the Olympics?Tebogo: That’s always been my goal. To snap their dominance. It was sad to see only two nations rule the sport for decades. I wanted to make a breakthrough for African athletes. I aspired to be the one to make it happen and then take in the world’s response. And that reaction has been heartwarming. Al Jazeera: When compared with the success in distance running, Africa has not been able to bag as many medals in sprinting. What challenges do African athletes face when it comes to sprinting at the highest level? Tebogo: It’s mostly down to infrastructure and support but I am not entirely sure. However, I can see that Africa is looking towards investing in its athletes beyond distance running. Once the governments are on board, it makes a massive difference to the sport. Al Jazeera: Can you see the impact of your success for Batswana athletes? Tebogo: It’s still early days but I’ve definitely seen athletes shed a layer of self-doubt. They are no longer afraid of coming forward to showcase their talent. I hope the new [Botswana] government will take the next step and help these athletes. Al Jazeera: How do you see the future of sprinting in Africa?Tebogo: Africans are stepping up and we see an increased number of African athletes in global competitions. I dream of an all-African lineup at the Olympics one day."
"Knicks crush Celtics, reach conference finals for first time in 25 years","New York’s 38-point victory against Boston Celtics in Game 6 was the largest win in Knicks playoff history.","Published On 17 May 202517 May 2025","https://www.aljazeera.com/sports/2025/5/17/knicks-oust-celtics-in-game-6-playoffs-make-eastern-conference-finals","sports/","Jalen Brunson and OG Anunoby each scored 23 points as the New York Knicks reached the Eastern Conference finals for the first time since 2000 by steamrolling the visiting Boston Celtics 119-81 in Game 6 of their second-round series. Mikal Bridges had 22 points and Karl-Anthony Towns added 21 points and 12 rebounds for third-seeded New York, which led by as many as 41 points on Friday. The Knicks wrapped up the best-of-seven series with the largest winning playoff margin in franchise history. “There’s more to go,” Bridges said. “We’re not done. We came out there tonight and played hard and handled business. But our season is not over. We have much more to go.” New York surpassed a 36-point playoff victory over the Milwaukee Bucks in the decisive Game 5 of the 1970 Eastern Division finals. Josh Hart contributed 10 points, 11 rebounds and 11 assists to record New York’s first postseason triple-double since Walt Frazier accomplished the feat in 1972. “I want to congratulate the Celtics on a terrific season,” Knicks coach Tom Thibodeau said. “Unfortunate injury to Jayson Tatum. They’re a terrific organisation, ownership, front office, Joe Mazzulla is a terrific coach, great players. “They’re not going to hand you anything. You have to earn it.” The Knicks will open the conference finals at home against the fourth-seeded Indiana Pacers on Wednesday. Defending NBA champion Boston was led by Jaylen Brown, who had 20 points, six rebounds and six assists before fouling out late in the third quarter. The Celtics were again short-handed after losing Tatum to a ruptured right Achilles during Game 4 on Monday. “Upset or not, we beat a great team,” Brunson said. “They obviously lost a huge piece (in Tatum). The way they came out in Game 5, they’re still a good team. Regardless of what anyone thinks – upset or not – we’re just happy to come out of the series with a win and now we’ll prepare for another team.” New York shot 46.2 percent from the field, including 16 of 45 (35.6 percent) from 3-point range. The Knicks held a 55-36 rebounding advantage. Payton Pritchard scored 11 points and Al Horford added 10 for Boston, which shot 36 percent and was 12 of 40 (30 percent) from 3-point range. The score was tied at 16 before the Knicks began pulling away. New York led 26-20 at the end of the first quarter and then opened the second with a 16-4 surge to open up an 18-point lead midway through the period. After Boston’s Luke Kornet interrupted the burst with a three-point play, the Knicks rattled off 16 of the next 21 points to take a 58-32 lead on a putback dunk by Miles “Deuce” McBride with 1:31 left. McBride buried a 3-pointer as time expired in the half for a 64-37 lead at the break. That marked New York’s largest halftime advantage at the break since leading the Los Angeles Lakers 69-42 in Game 7 of the 1970 Finals, won by the Knicks. “You win a championship and you have that target on your back from Day 1,” Celtics guard Derrick White said of falling well short of winning back-to-back NBA titles. “There’s ups and downs through every season. This part sucks and we didn’t complete the goal that we set out to get.” The contest was effectively over when Brown fouled out with 2:50 left in the third quarter and Boston down by 33. Anunoby poured it on with consecutive 3-pointers to end a 10-0 push as the margin went above 40 at 92-51 with 1:51 remaining in the third. “They played better than we did,” Mazzulla said. “I’m happy for Thibs [Thibodeau]. He’s been coaching for a long time. That’s the biggest thing. You pay your dues, you put forth everything. That guy is a lifer. He’s what a coach is all about and he deserves it. And they deserve it as a team. You got to take your hat off to them.”"
"Guardiola sees FA Cup Final as ‘massively important’ to Man City","Pep Guardiola admits FA Cup is not the first choice but final is ‘massively important’ to Man City.","Published On 16 May 202516 May 2025","https://www.aljazeera.com/sports/2025/5/16/fa-cup-final-2025-guardiola-sees-win-as-massively-important-to-man-city","sports/","The FA Cup was not Manchester City’s top priority this season, but now that they are in a third straight final, the club will go all out to win the trophy at Wembley, manager Pep Guardiola said. City have had a “horrific season” in the words of striker Erling Haaland, with Guardiola’s side falling by the wayside in the Premier League title race while they were also eliminated in the Champions League knockout phase playoffs. City are fourth in the Premier League and yet to secure Champions League qualification for next season – winning the FA Cup when they face Crystal Palace on Saturday may not be enough to salvage their campaign. “That is the problem, right? The FA Cup now is not the first choice. Of course, we want it. Once we are here, of course, we want the trophy. It is massively important,” Guardiola told reporters on Friday. “It was a disappointment last season [losing in the final to Manchester United]. But I’m pretty sure we’ll perform well, and we are going to compete against them. “It’s the final of the FA Cup, it’s an honour and a privilege. Third time in a row being there, and we have to perform well. We travel to London to win the title.” Guardiola also praised Oliver Glasner’s Palace, who knocked out fellow Premier League sides Fulham and Aston Villa to reach the final. Palace, who are 12th in the league table, are seeking their first major trophy, having fallen in the final in 1990 and 2016, losing to Manchester United on both occasions. “It is a fantastic team. They have had a really good second part of the season. They have had more than a year with Oliver working with the same players,” Guardiola said. “They are a threat because they have quality. [Striker Jean-Philippe] Mateta is strong and the quality in [Eberechi] Eze is obvious and, of course, the pace from [fellow forward Ismaila] Sarr … [Adam] Wharton is a really good holding midfielder. “They are well structured defensively and their set-pieces are one of the best in the Premier League.” The quiet confidence seeping out of Crystal Palace’s training ground before the final against Manchester City was summed up by manager Oliver Glasner on Friday. “We’re focused on what we want to do at Wembley. We analysed Man City, but 90 percent, we were talking about us,” Glasner, who will become the first Austrian to lead a team in an FA Cup final, told reporters. “This is what we can influence. We can influence our performance. We can influence what we want to do in and out of possession. And the focus was on our game. We have a lot of confidence and looking forward to the final.” Palace may be 12th in the Premier League, but have matched their record points tally with two games still to play. In the FA Cup, they have clicked impressively, winning 3-0 at Fulham in the quarterfinals and then beating Villa by the same margin at Wembley in the semis. Now, they have one last obstacle to get over and claim the south London club’s first major trophy in its 120-year history. Palace drew 2-2 with City at Selhurst Park in the league and led 2-0 in the return fixture, only to lose 5-2. They also lost 4-2 last April, a couple of months after Glasner took charge. Scoring goals against Pep Guardiola’s team has not been a problem, but Glasner knows they will need to adjust defensively to give themselves the best possible chance at Wembley. “In every single game [against City] we scored two goals, but we just had one draw, because we conceded four, two and five, so we have to make a few adjustments in our defending,” he said. “Because when you concede five, it’s tough to win, but when you score two, you should be able to win. “So, we have confidence that we will create our chances, we will create our situations to score goals, but we have to do better in defence, and I don’t mean the back three or the back five. So as a team, maybe we have to adjust a few things, and this is what we want to do tomorrow.” Palace fans, hoping it will be third time lucky in Cup finals after defeats in 1990 and 2016, produced a wall of sound and colour in the semifinal against Villa and are bound to give their side passionate support again on Saturday. Goalkeeper Dean Henderson was one of several Palace players to donate to a fundraising campaign for a giant “tifo” against Villa, and another 45,000 pounds has been raised for one to be unfurled before Saturday’s Wembley showdown. “The one against Villa was top class,” said Henderson. “I don’t know what they are going to do with 40-odd grand – but I’m excited to see it.”"
"FA Cup final: Man City vs Crystal Palace – all you need to know","Al Jazeera Sport takes a look at England’s showpiece cup final as Man City look to end a terrible year on a high.","Published On 16 May 202516 May 2025","https://www.aljazeera.com/sports/2025/5/16/man-city-vs-crystal-palace-fa-cup-final-preview-team-news-kick-off","sports/","Who: Manchester City vs Crystal PalaceWhat: English FA Cup finalWhere: Wembley Stadium, London, United KingdomWhen: Saturday at 4:30pm (15:30 GMT) Follow Al Jazeera Sport‘s live text and photo commentary stream. Manchester City and Crystal Palace go head-to-head for the FA Cup in a final that has captured the imagination the world over since its inception. English football’s showpiece cup final has been a tale of a team from any level – even non-professional – rising to the top to take down the giants of the game. The Eagles of South London are no minnows in this story, but their opponents are as big as they come in the global game. Al Jazeera Sport takes a look at a showdown that carries great weight for both teams in the world’s oldest cup competition. History beckons for Crystal Palace against a Manchester City side that have one final shot at avoiding a rare trophyless season under Pep Guardiola. Twice FA Cup runners-up, Palace have never won a major trophy in their 119-year history. The Eagles sense this may finally be their time up against a City side far from their former glories of Guardiola’s trophy-laden reign. Palace warmed up for the Wembley showpiece by cruising to a 2-0 win at Tottenham last weekend to equal their record of 49 Premier League points with two games of the season to spare. The south London club finished in the top 10 for the first time in the Premier League era last season after just a few months under Oliver Glasner. Another top-half finish looks unlikely, but progress has continued under the Austrian thanks to their FA Cup heroics, including a comprehensive 3-0 victory over Champions League quarterfinalists Aston Villa in the last four. How @CPFC reached the #EmiratesFACup Final 🦅 pic.twitter.com/w81rxlyzdZ — Emirates FA Cup (@EmiratesFACup) May 16, 2025  Eberechi Eze is the main man for City to fear with five goals in his last four games. But he is one of just four England internationals that reached the final of Euro 2024 likely to start for Palace on Saturday alongside Dean Henderson, Marc Guehi and Adam Wharton. “It means everything,” said Eze on the prospect of delivering the club’s first taste of silverware. “We know what it means to the fans, to the club. We’re going to give everything that we’ve got to put ourselves in the best position. “We’re confident. We know that we’ve just got to do what we do and be the best version of ourselves, and we’ve got the chance of beating any team.” Victory would also secure entry to one of Europe’s major club competitions for the first time in Palace’s history, with a place in the Europa League at stake. City’s laboured display in drawing a blank at bottom-of-the-table Southampton last weekend gives Palace even more reason to believe they can lift the cup. However, Guardiola’s men are unbeaten in 10 games, including a 5-2 demolition of Palace in the Premier League last month despite falling 2-0 behind. City’s fightback at the Etihad Stadium in the last encounter between the clubs was prompted by Kevin De Bruyne rolling back the years. The Belgian has just three games left as a City player after a glorious decade in Manchester and will be aiming to add one more to his 14 major honours with the club. “He has had an incredible time at Manchester City,” said City’s top scorer Erling Haaland. “It is ridiculous how many trophies he has won. Hopefully he will get one more trophy.” Manchester City’s road to the #EmiratesFACup Final 🩵 pic.twitter.com/SJuPAXbyyE — Emirates FA Cup (@EmiratesFACup) May 14, 2025  After an unprecedented four consecutive English top-flight titles, City find themselves battling just to secure a top-five Premier League finish and a place in next season’s Champions League. Anything other than victory would cap what Haaland described as a “horrendous” campaign for a squad of serial winners. City have not ended a season without a trophy since Guardiola’s first at the club in 2016/17. “It is a good habit to reach Wembley and always important to win trophies. We have the FA Cup final to play for and in a horrific season we still managed to do this,” added the Norwegian. Palace’s extraordinary and eventually heartbreaking 1990 campaign was their finest hour in the competition. The semifinals and final(s) that year were arguably the most dramatic in the competition’s long and storied history and remain the emotional high and low point of every Palace fan who watched them. Palace were struggling in the top flight after promotion and had been humiliated 9-0 by Liverpool early in the season. In the Cup they were hardly pulling up trees either, beating lower league Portsmouth, Huddersfield Town, Rochdale and Cambridge United to reach the semifinals for the first time since they lost to Southampton as a third division team in 1976. Facing runaway champions-elect and FA Cup holders Liverpool again in the semis look an insurmountable barrier and an Ian Rush goal had the Reds ahead at halftime at Villa Park. Things then went crazy as Mark Bright and Gary O’Reilly gave Palace a shock lead. Two goals in two minutes put Liverpool back in front, only for Andy Gray to stun the odds-on favourites in the 88th minute to force extra time. Amazingly, it was Palace who snatched victory in the 109th minute via Alan Pardew, who would later manage the club. The cup final itself, against Manchester United, went to a replay after a stunning 3-3 draw in the first encounter. United won the next match 1-0 with a goal from defender Lee Martin, which handed a young manager by the name of Alex Ferguson his first trophy as boss of the Red Devils. City are seven-time winners of the cup, with their first victory coming in 1904 against Bolton Wanderers. Their last win was a 2-1 victory against their fierce rivals Manchester United in 2023. This is the 74th meeting between the two teams in a fixture dating back to 1921. Palace were 2-0 winners in an FA Cup meeting in the third round that year. City stormed back in the next meeting between the clubs – once again in the FA Cup – beating Palace 11-4 in February 1926. Overall, City have claimed the spoils on 39 occasions and the Eagles soaring to victory after 17 of the meetings. Palace haven’t recorded a win in their last seven encounters with City, who have won four in that time. Haaland is expected to start after making his comeback from six weeks out injured at Southampton last weekend. Rodri continues his slow return to full fitness, but with an eye on the upcoming FIFA Club World Cup in June, the cup final appears to have come too soon for a start. Midfielder Adam Wharton has returned to full fitness following an ankle injury. It means the Eagles have a fully fit squad to choose from."
"‘Javelin is my career, not social media’: Neeraj Chopra on mental pressure","Chopra talks to Al Jazeera about the pressure of being a high-profile athlete in India and the 2025 season.","Published On 16 May 202516 May 2025","https://www.aljazeera.com/sports/2025/5/16/india-neeraj-chopra-javelin-olympics-record-arshad-nadeem-world-athletics-doha-diamond-league","sports/","Doha, Qatar – Reigning men’s javelin world champion and Olympic silver medallist Neeraj Chopra is set to get his 2025 athletics season under way at World Athletics’ Doha Diamond League event in Qatar on Friday. The two-time Olympic medal-winning Indian athlete – gold at Tokyo 2021 and silver at Paris 2024 – walks into the new season following a stressful few weeks at home. From facing social media backlash for inviting Pakistan’s Arshad Nadeem to the inaugural Neeraj Chopra Classic javelin event, to publicly pledging his support for the Indian armed forces amidst their near full-fledged war against Pakistan and dealing with the weight of expectations on the field – Chopra says he’s happy to get back on the field. In this brief chat with Al Jazeera, the 27-year-old star spills his thoughts on the mental pressure of being a high-profile athlete in India, the boon and bane of social media, and the upcoming athletics season. Al Jazeera: How do you deal with the mental pressure of being a high-profile athlete and celebrity in a sport-mad country like India?Neeraj Chopra: The ability to win medals for my country is a matter of great pride for me and, to some extent, it takes care of some of the pressure. As long as I focus on my tasks and challenges on the field, I am able to overcome the mental challenges. I mostly train outside India, sometimes in South Africa during off-season and in Europe during the competition season. When I go back to India I have to live up to my public image and act in a certain way, especially for sponsorship deals, and I don’t enjoy it very much. Initially, after my success at the Tokyo Games, it was difficult but with time and the help of some of the experienced athletes, I have learned to deal with it. Al Jazeera: Is social media to be blamed for some of this pressure?
Chopra: Social media has given everyone with a phone and an internet connection the platform and freedom to say whatever they like and attack whomever they want. Some people take to social media to vent their pent-up frustrations. If they are facing any issues in their personal lives that can’t be aired, they take aim at people on social media. However, I try not to worry about such comments and focus on my work. Al Jazeera: Have there been instances where you’ve felt the need to quit social media and, if it comes down to it, would you be able to go off it?
Chopra: Of course. I can quit social media in a heartbeat if I want to. I never feel obligated to maintain a presence. I am there to share my journey, promote the sport and create a pathway for other athletes from my country. I want to show what goes behind becoming an international athlete. I am not an influencer, I am an athlete. Javelin is my career, not social media. I can quit social media very easily. Al Jazeera: You and Arshad Nadeem have flipped the script on a mostly European-centric sport by winning back-to-back Olympic medals in javelin, but will this success translate into the growth of track and field sports in the South Asian region?
Chopra: Honestly, up until a few years ago I didn’t I see a great future for athletics in India and couldn’t find a way to take it to the masses. Now, however, I am beginning to see a change. For instance, for the first time, four Indian athletes are part of the Doha Diamond League meet this year and that’s a great sign. I’m ecstatic. It means people are sitting up and taking notice. Javelin has slowly become a global event and is not restricted to European athletes any more. My competition, the Neeraj Chopra Classic, is a step in the same direction. I want to use it as a platform to showcase the sport to Indian masses and help it grow. Al Jazeera: The Doha Diamond League is where your season is about to get under way. You have an Olympic silver medal under your belt, but your World Athletics Championship title will be on the line this year. How do you feel about 2025?
Chopra: I’m ready and excited to get things going. I have a new coach, former Olympic gold medallist Jan Zelezny, who has helped me make minor changes to my routine. It took some time to adjust to the changes but I feel great. I have been troubled by some groin issues but it’s all in the past now. I can’t wait to start the new season. Al Jazeera: Your fans have been willing you on to break the 90-metre barrier for some time now. Does that pressure get to you and do you think this will be the year to surpass 90m?
Chopra: I feel reinvigorated and am in great shape physically. In addition to the physical aspect, Zelezny has also passed on tips that help me deal with the mental part of being an athlete. It helps keeps the pressure at bay. I have been training and performing consistently, which forms the basis of achieving the best results on the field. No one can predict what will happen on the day of the competition but I am always looking to go beyond my previous best. Several javelin athletes have thrown their personal best in Doha and I aim to do the same on Friday."
"Europa League final: Man Utd vs Tottenham – all you need to know","Manchester United play Tottenham Hotspur in Europa League final as both teams look to end an awful season on a high.","Published On 20 May 202520 May 2025","https://www.aljazeera.com/sports/2025/5/20/uefa-europa-league-final-man-utd-vs-tottenham-start-team-news-lineups","sports/","Who: Manchester United vs Tottenham HotspurWhat: UEFA Europa League final 2025Where: San Mames Stadium in Bilbao, SpainWhen: Wednesday at 9pm (19:00 GMT) Follow Al Jazeera Sport‘s live text and photo commentary stream. Manchester United clash with Tottenham Hotspur on Wednesday in an all-English Europa League final, which has major implications on and off the field. The winner of this final not only – and unexpectedly, based on their horrendous bottom-five domestic form – take home a European crown, but also punch their golden ticket for entry into next season’s lucrative UEFA Champions League, resulting in tens of millions of dollars in extra revenue. Al Jazeera Sport chronicles the key talking points ahead of a classic winner-takes-most showdown between two of England’s highest-profile clubs looking to reverse their regrettable seasons with an unexpected European triumph. There has never been any final, in any UEFA competition, where both clubs have been so low in their domestic league tables. Both clubs head to Bilbao for the final, assailed by stinging criticism amid their worst seasons of the English Premier League era. United sit 16th on the ladder, and Tottenham are one point worse off in 17th, with just one league game remaining. Only the struggles of relegated trio Ipswich, Leicester and Southampton saved United and Tottenham from a highly embarrassing battle to avoid crashing into the second-tier championship. UEFA allows the winners of their second-tier Europa League competition direct entry into the 2025-26 UEFA Champions League, without the need for additional qualifying matches. Additionally, they will earn the right to play against the winners of the 2024-25 Champions League in the UEFA Super Cup on August 13. For the losers of the final in Bilbao, the hangover from this catastrophic domestic season threatens to be a long one, with the possibility of European football exile until at least the 2026-27 season. The winners of the Europa League final could receive up to a 65-million-euro ($73m) boost. This calculation is reached by combining the Europa League prize money and the TV and gate revenue derived from the winning team’s participation in the league phase of next season’s Champions League. The teams last met at Tottenham Hotspur Stadium in London on February 16, with James Maddison’s 13th-minute game-winner handing the home team a 1-0 victory against United. Spurs have won all three of their meetings with United in all competitions this season, twice in the Premier League and once in the EFL Cup quarterfinals. United’s last win in the Premier League was on March 16, a 3-0 victory at Leicester. Since then, Ruben Amorim’s side has registered six defeats and two draws in the domestic competition. United’s only two victories in May came in the Europa League semifinals against Athletic Club. Spurs have been equally dreadful in the final two months of the Premier League season, losing five and drawing once in their last six games. Their last domestic league victory was a 3-1 home win against Southampton way back on April 6, leading to constant media speculation that manager Ange Postecoglou’s job is under threat for next season. San Mames Stadium in Bilbao, Spain is the venue for the final. With a seating capacity in excess of 50,000, the stadium is home to Athletic Club, who, by chance, are the team Manchester United defeated on May 8 in the Europa League semifinal to progress to the final. UEFA has confirmed that the two teams will receive an allocation of 15,000 tickets each, with a further 11,000 tickets up for general sale and the remainder offered to hospitality and sponsors. According to Manchester United’s official website, the Red Devils received a triple boost on the eve of the UEFA Europa League final with sidelined stars Diogo Dalot, Leny Yoro, and Joshua Zirkzee spotted taking part in the team’s build-up training session on Tuesday. Zirkzee had been ruled out for the rest of the season after suffering a hamstring injury in April, but could be available for selection after missing United’s last eight games. Another Dutchman, centre-back Matthijs de Ligt, is also questionable ahead of the match, but he was seen running through some training drills in an individual workout on Tuesday. Striker Rasmus Hojlund, who has struggled up front for large parts of the season, is tipped to lead the line for Amorim’s side. Spurs will line up without key midfield players Maddison and Dejan Kulusevski, as well as promising youngster Lucas Bergvall, who are all ruled out with injury. Maddison, who was set to miss the rest of the season with a knee issue, did board the team bus for Bilbao, leading to rampant media speculation he might play in the final, despite being ruled out by Postecoglou. Tottenham captain Son Heung-Min, who sustained a foot injury in April and missed seven consecutive matches, is on course to be fit for the final after making his first start against Aston Villa last Friday, according to the team. Better news in the backline for Tottenham, with previously injured defenders Cristian Romero and Micky van de Ven both available for selection. United possible starting XI: Onana (GK); Yoro, Maguire, Lindelof; Mazraoui, Casemiro, Ugarte, Dorgu; Fernandes, Amad; Hojlund Tottenham possible starting XI: Vicario (GK); Porro, Romero, Van de Ven, Udogie; Sarr, Bissouma, Bentancur; Johnson, Solanke, Son The winners of the 2025 Europa League final will receive a prize money of 13 million euros ($14.6m). The runners-up are allocated 7 million euros ($7.87m). Both clubs could use the money to pay down their debt: Spurs recorded an annual operating loss of 26 million pounds ($34.7m) last year, while United’s deficit was 113 million pounds ($151m) over the same period. Ruben Amorim, Manchester United manager: “I feel it’s a mixed feeling. I’m really excited, but at the same time, I know my responsibility as Manchester United coach. I have always [had] that feeling of frustration for the season, so I want really badly to help the team win this final. We’ve got to give something to the club, to the fans, to the staff, to everybody.” Ange Postecoglou, Tottenham Hotspur manager: “I mean, who cares if we’re struggling in the league? Why is that important? If it’s so easy to get to a final, then why doesn’t everyone who finishes in the top three do it? “We understand our league form hasn’t been great. We understand the struggles we’ve had. A lot of them are because of the situation we’ve been in. But how does that diminish the achievement of getting to a final? “I couldn’t care less who’s struggling and who’s not. I think both us and United have earned the right to be there.” Son Heung-Min, Tottenham captain: “We always respect our opponents, but I think it’s important to do what we need to do. I think the Manchester United players would think the same. It’s definitely going to be a great game, but it will be a difficult one. But I think we want to win it even more. “I have accomplished everything in the 10 years I’ve been at Tottenham, except for one thing [winning a European title]. I’ve worked hard to make up for that and have always dreamed of winning a trophy in a Tottenham shirt. So, I hope we can make that dream a reality.”"
"Ex-footballer Gary Lineker exits BBC presenting role amid antisemitism row","Britain’s top football host is ‘bowing out by mutual agreement’ after backlash to a social media post about Zionism.","Published On 19 May 202519 May 2025","https://www.aljazeera.com/sports/2025/5/19/gary-lineker-leaves-bbc-amid-anti-semitism-row-pro-palestinian-comments","sports/","Gary Lineker, a former England captain and the face of football on British television for more than two decades, will leave the BBC, the public broadcaster said in a statement on Monday. Lineker, 64, had been due to cover the 2026 FIFA World Cup for the BBC, but his early departure comes after he apologised last week for sharing a social media post about Zionism which featured a picture of a rat, historically used as an anti-Semitic insult. Lineker said that he deleted the posts after learning of the offensive references. According to multiple British media reports, the high-profile host is “bowing out by mutual agreement”. He rose to become the BBC’s highest-paid star after presenting its Match of the Day (MOTD) highlights show for 25 years. The BBC announced last November that he would step down from MOTD this year, but carry on working for it until 2026. “Gary has acknowledged the mistake he made. Accordingly, we have agreed he will step back from further presenting after this season,” BBC director general Tim Davie said in a statement. Lineker repeated his apology on Monday, saying he would never consciously repost anything anti-Semitic. “I recognise the error and upset that I caused, and reiterate how sorry I am,” he said. “Stepping back now feels like the responsible course of action.” In recent years, Lineker’s desire to put forward his political views on social media has caused headaches for the BBC, which has strict rules on impartiality. He was temporarily taken off air in 2023 after he criticised the previous government’s immigration policy on social media. In 2018, he opposed Brexit and called for a second referendum. But it was Lineker’s support for the Palestinians affected by the war on Gaza that most recently brought him into conflict with the BBC. Lineker had already caused friction at the public broadcaster when he recently said Israel was to blame for the origins of the Gaza conflict, because it turned the occupied territory into an “outdoor prison”. Speaking on May 9 in an interview with The Telegraph at the Football Business Awards, just days before he was accused of the anti-Semitic social post on X, Lineker expressed that his issues are with the Israeli government rather than Jewish people. “Obviously, October 7 was awful, but it’s very important to know your history and to study the massacres that happened prior to this, many of them against the Palestinian people,” he said in the interview with The Telegraph, which was published last Thursday, on May 15. “Yes, Israelis have a right to defend themselves. But it appears that Palestinians don’t – and that is where it’s wrong. Palestinians are caged in this outdoor prison in Gaza, and now it’s an outdoor prison that they’re bombing,” Lineker added. In the same interview, the TV host also disputed whether Israel could justifiably argue that it was still acting in self-defence. “I understand that they needed to avenge, but I don’t think they’ve helped their own hostage situation at all,” Lineker said. “People say it’s a complex issue, but I don’t think it is. It’s inevitable that the Israeli occupation was going to cause massive problems, and I just feel for the Palestinians.” The former striker played for England for eight years until 1992 and had been a top scorer for Leicester City, Everton and Tottenham Hotspur in the 1980s and early 1990s. He is also the co-founder of a podcasting production business, Goalhanger, which makes series such as the podcasts The Rest Is History and The Rest Is Football. Lineker will leave his role at the BBC on Sunday after his final episode of Match of the Day."
"Scheffler pulls away from Rahm for runaway PGA Championship victory","World number one Scottie Scheffler outlasts a final round challenge from Jon Rahm to record a five-stroke victory.","Published On 19 May 202519 May 2025","https://www.aljazeera.com/sports/2025/5/19/us-pga-championship-2025-scottie-scheffler-wins-third-major-title","sports/","Scottie Scheffler held off a spirited effort by Spain’s Jon Rahm to secure a five-shot PGA Championship victory at Quail Hollow Club for his third career major title. The top-ranked Scheffler, who was three shots clear of Swede Alex Noren at the start of the day, struggled off the tee early on Sunday but righted the ship in time for the back nine to card an even-par 71 that left him at 11 under for the week. “I knew it was going to be a challenging day, finishing off a major championship is always challenging,” Scheffler said on the 18th green after being presented with the Wanamaker Trophy. “I didn’t have my best stuff … but stepped it up on the back nine.” Ryder Cup hopeful Harris English, who began his day 11 shots adrift, shot a 65 that was the low round of the day and finished in a distant share of second place alongside fellow Americans Bryson DeChambeau (70) and Davis Riley (72). Twice major champion Rahm (73) gave Scheffler a scare early on the back nine but came apart in stunning fashion with five dropped shots over his final three holes to slide back into a share of eighth place. Rahm, who began the day five shots back of the lead and playing two groups ahead of Scheffler, took a while to get going in the final round but found his groove right in time to set up some back-nine drama at Quail Hollow Club. The Spaniard joined Scheffler atop the leaderboard when, at the par-four 11th, he made his third birdie over a four-hole stretch, but Scheffler reclaimed the outright lead with a 9-foot birdie at the 10th moments later. Rahm nearly answered right back, but his perfectly paced 19-foot birdie attempt at the par-three 13th curled around and out of the cup before going on to misread birdie putts at the next two holes, followed by his brutal closing stretch. Scheffler added birdies at 14 and 15 and then saw his lead suddenly grow to five over JT Poston after Rahm made double-bogey at the par-three 17th, where he blasted his tee shot into the water. “It’s a tough pill to swallow right now,” said Rahm. “Pretty fresh wound right now. But there’s been a lot of good happening this week and a lot of positive feelings to take for the rest of the year.” US Open champion DeChambeau, who finished runner-up at last year’s PGA Championship, was driving the ball and giving himself chances, but struggled on the greens. “I felt like I had the game to win this week, and the golf course suited me pretty well, missed a few putts coming down the stretch and got a little unlucky in this great game of golf,” said DeChambeau. “It was a good fight, good battle, take a lot from it. It’s just burning a bigger fire in my belly.” Noren, playing alongside Scheffler and alone in second place to start the day, stayed in the mix until his round unravelled with a trio of bogeys early on the back nine. Scheffler took home a $3.42m top prize from a record $19m purse."
"Gilgeous-Alexander, Thunder oust Nuggets, move on to NBA West finals","Oklahoma City Thunder dominate Game 7 decider against Denver Nuggets to set up Minnesota Timberwolves West finals clash.","Published On 19 May 202519 May 2025","https://www.aljazeera.com/sports/2025/5/19/thunder-vs-nuggets-okc-win-game-7-reach-western-conference-finals","sports/","Shai Gilgeous-Alexander scored 35 points to lead the Oklahoma City Thunder to a 125-93 home win over the Denver Nuggets in Game 7 of their Western Conference second-round NBA playoff series. The Thunder advanced to the Western Conference finals for the first time since 2016. They open the conference finals against the Minnesota Timberwolves at home on Tuesday. After scoring just six points in Thursday’s loss, Thunder All-Star Jalen Williams bounced back in a big way, pouring in 24 points on 10-of-17 shooting in Sunday’s Game 7. Gilgeous-Alexander was 12 of 19 from the floor with three steals and no turnovers. “He [Williams] was amazing,” said Gilgeous-Alexander. “He wouldn’t have played the way he played today last year, I know that 100 percent. To see him take that step forward is a really proud moment.” Early on, it looked like the Nuggets were carrying over the momentum from their Game 6 win. They led by double digits with a minute left in the first quarter before the Thunder ripped off a 13-0 run spanning the first and second quarters to take the lead for the first time. The Thunder grabbed the lead for good on Luguentz Dort’s 3-pointer with 7 minutes 20 seconds left in the first half. They closed the first half on an 18-5 run, including back-to-back Nuggets turnovers that led to Williams’s buckets at the other end and helped the Thunder build a 60-46 lead at half time. Then the Thunder put the game on ice with a 37-point third quarter, with 10 of those coming off the Nuggets’ five turnovers. The Thunder led by as many as 43 points in the fourth quarter. The Nuggets were also 3 of 14 from beyond the arc in the third quarter and finished the game just 10 of 45 on 3-pointers. “To have the start we wanted and then to have it go sideways so quickly [was tough],” said Nuggets’ interim coach David Adelman. “I thought we controlled the pace of the game early, it’s easy to forget that now … Once they got back into it, they kept bringing new people in and it did overwhelm us.” A big part of the Thunder’s success was thanks to Alex Caruso’s defence. Despite a considerable deficit, Caruso spent plenty of time on Nuggets star Nikola Jokic, who often found it difficult to find shots against Oklahoma City’s top-ranked defence. Jokic scored 20 points on 5-of-9 shooting, while Caruso finished with a game-best plus-40 plus/minus rating. “The volume of it today was a result of how effective it was, but looking at it was a priority going into today,” said Thunder head coach Mark Daigneault regarding Caruso’s efforts. “He did an unbelievable job individually.” The Thunder scored 37 points off Denver’s 23 turnovers, while giving the ball up just 10 times themselves. Nuggets forward Aaron Gordon, who suffered a hamstring injury late in Game 6 and was a game-time decision, played more than 24 minutes, finishing with eight points and 11 rebounds. “It means a lot, specifically for the city,” said Gilgeous-Alexander on advancing to the conference finals. “They’ve been so good all year. They’ve been behind us, through good, through bad. No team in the league has a home-court advantage like we do.”"
"Messi, Miami stunned 3-0 by Orlando in MLS","Lionel Messi’s Inter Miami had one of their worst performances of the season, losing at home to their Florida rivals.","Published On 19 May 202519 May 2025","https://www.aljazeera.com/sports/2025/5/19/lionel-messi-inter-miami-lose-to-orlando-city-in-mls","sports/","Lionel Messi’s frustration grew as Inter Miami’s miserable run continued with a 3-0 loss at home to Orlando City in Major League Soccer (MLS). The Florida derby defeat on Sunday leaves Miami with one win from their last seven games in all competitions. They have slipped to sixth in the Eastern Conference, with Orlando leapfrogging them. Messi had just two shots on target and scuffed a free-kick as his form slumped with that of his team. “Now, we’ll truly see if we’re a team in difficult times, because when everything’s going well, it’s very easy,” Messi told Apple TV. “When difficult times come, that’s when we have to be more united than ever, be a true team, and pull ourselves together,” he added. Messi questioned the refereeing, but in truth, the loss had little to do with officiating and much to do with shambolic defending, a disjointed midfield and a punchless attack led by the rapidly fading Luis Suarez. Orlando grabbed the lead in the 43rd minute with a goal of absurd simplicity. Goalkeeper Pedro Gallese launched the ball downfield, and Luis Muriel ran clear and slotted past Oscar Ustari. The visitors were getting plenty of joy from going direct against a Miami backline, which was all at sea. Argentinian Martin Ojeda should have done better when he found himself clear on goal, but blasted over. Miami’s veteran keeper Ustari made a fine double save, but then the 38-year-old found himself to blame for Orlando’s second goal. The ball fell to Marco Pasalic on the edge of the box, and his low shot went through the hands and legs of Ustari to double the Orlando lead. Miami coach Javier Mascherano threw on attacking players in a bid to retrieve something from the game, but it was in vain. In the fourth minute of stoppage time, Duncan McGuire broke down the left, and his low cross was slotted home by Icelandic forward Dagur Thorhallsson to wrap up an impressive performance from the visitors. Miami have conceded 20 goals in their last seven games, with their only victory coming against the New York Red Bulls on May 3. Mascherano said the first goal changed the game. “I’d say for 25 or 30 minutes, we had it completely under control playing in the opponent’s half, but this is how it is, clearly. I’m not going to deny what the result is,” he said. Miami’s MLS campaign was going well until their exit in the Concacaf Champions Cup at the hands of the Vancouver Whitecaps. Mascherano admitted the team’s morale had been hit. “Clearly, something has happened where the team has lost a lot of confidence. We have had a drop in level, individually and collectively, and it’s clear one way or another – we have tried with different schemes, different names, and still today, we are hurting. We will keep trying to find a way.”"
"Red Bull’s Max Verstappen wins F1 Emilia-Romagna GP in Italy","Reigning world champion wins for the fourth straight time at Imola, defeating McLaren’s Lando Norris and Oscar Piastri.","Published On 18 May 202518 May 2025","https://www.aljazeera.com/sports/2025/5/18/verstappen-beats-norris-piastri-in-f1-emilia-romagna-gp-at-imola","sports/","Max Verstappen has given his Formula 1 title defence a big boost with victory at the Emilia-Romagna Grand Prix after a daring overtake on standings leader Oscar Piastri at the start. The Dutch driver built a commanding lead on Sunday that was wiped out when the safety car bundled the field back up. He still held on to win ahead of Lando Norris, who overtook his McLaren teammate Piastri for second with five laps remaining. Verstappen took his second win of the season and first since last month’s Japanese Grand Prix and denied Piastri – who finished third – what would have been his fourth victory in a row. Verstappen praised his Red Bull team’s “fantastic execution all round” as the team marked its 400th F1 race with a win. “The start itself wasn’t particularly great, but I was still on the outside line, or basically the normal [racing] line, and I was like, ‘Well, I’m just going to try and send it round the outside,’ and it worked really well,” Verstappen said of his crucial overtake. “That, of course, unleashed our pace because once we were in the lead, the car was good.” Norris’s late-race move on Piastri was almost a copy of Verstappen’s although Norris had the advantage of being on fresher tyres than his teammate. “We had a good little battle at the end between Oscar and myself, which is always tense but always good fun,” Norris said, admitting that Verstappen and Red Bull were “too good for us today”. Piastri’s lead over Norris in the standings was cut to 13 points. Verstappen rounds out the top three at nine points behind Norris. Lewis Hamilton recovered from 12th on the grid to finish fourth in his first race for Ferrari in Italy. Hamilton profited from a late-race fight between his teammate Charles Leclerc and Alex Albon of Williams. Albon complained Leclerc had pushed him off the track as they battled for fourth, and Hamilton passed both drivers before Ferrari eventually asked Leclerc to yield fifth to Albon. George Russell was seventh for Mercedes, ahead of Carlos Sainz Jr in the second Williams. Isack Hadjar was ninth for Racing Bulls, and Verstappen’s Red Bull teammate Yuki Tsunoda was 10th after starting last following a crash in qualifying. Overtaking was expected to be rare in what could be F1’s last race for the foreseeable future at Imola. Instead, the Italian fans were treated to Verstappen’s spectacular move at the start and plenty of other overtakes. The narrow, bumpy Imola track has been a favourite among drivers, who have relished its old-school challenge since it returned to the F1 schedule during the COVID-19 pandemic. Still, its status as Italy’s second race – only the United States also hosts more than one – makes its position vulnerable. “If we don’t come back here, it is going to be a shame,” Piastri said on Saturday. Sunday’s race was the last under Imola’s current contract, and while it isn’t officially goodbye yet, there has been no word about next year."
"How conflict with India helped boost the Pakistan military’s domestic image","Pakistan’s military enjoying renewed popularity after Indian clash, but analysts warn the surge may be temporary.","Published On 20 May 202520 May 2025","https://www.aljazeera.com/news/2025/5/20/how-conflict-with-india-helped-boost-the-pakistan-militarys-domestic-image","tag/india-pakistan-tensions/","Islamabad, Pakistan – On May 9, 2023, thousands of Pakistanis took to the streets across major cities, targeting both public and private properties, especially those affiliated with the powerful Pakistani military. Among the targets were the army’s General Headquarters in Rawalpindi, the residence of a top military commander in Lahore, which was set ablaze, and several other installations and monuments. The demonstrators, supporters of the Pakistan Tehreek-e-Insaf (PTI), were protesting the arrest of their leader and former Prime Minister Imran Khan, who was detained at the Islamabad High Court on corruption charges. Though Khan was released in less than 48 hours, the protests marked an unprecedented challenge to the military’s dominance, which has long been regarded as the most powerful and influential entity in Pakistan, wielding its authority in most spheres. Almost exactly two years later, on May 11, 2025, thousands once again took to the streets, but this time in celebration – and praise – of the military. India and Pakistan have each claimed wins in their brief but intense military clashes last week, during which they launched attacks on each other’s facilities on a scale unseen since their 1971 war. What is clearer is the domestic impact of the near-war in Pakistan: a sharp surge in support for the military, which is viewed as having defended the country against Indian aggression. A Gallup Pakistan survey conducted between May 11 and 15 showed that 96 percent of more than 500 respondents believed Pakistan had won the conflict. Initial data and survey trends shared exclusively with Al Jazeera showed 82 percent rated the military’s performance as “very good”, with fewer than 1 percent expressing disapproval. Most significantly, 92 percent said their opinion of the military improved as a result of the conflict. On May 11, a day after United States President Donald Trump announced a ceasefire between India and Pakistan, cities across Pakistan were filled with people riding cars and motorbikes, honking horns and playing patriotic songs. They were waving the national flag and posters praising the military, particularly its chief, General Syed Asim Munir. There was jubilation in the air, and relief. For four days before that, Pakistan had been locked in a tense military confrontation with archrival India, the latest chapter of a conflict that analysts say has long served as the principal raison d’être for the country’s military. On May 7, more than two weeks after gunmen killed 26 civilians in Pahalgam, Indian-administered Kashmir, India, blaming Islamabad for the attack, launched missiles at multiple sites in Pakistan-administered Kashmir and Pakistan’s Punjab province, killing at least 51 people, including 11 soldiers and several children. Over the following three days, the two nuclear-armed nations launched missiles, drones and artillery at each other, bringing 1.6 billion people in the subcontinent to the brink of a full-fledged war. After the ceasefire was announced, Pakistan’s government declared May 10 as “The Day of Righteous Battle”. This was a stark contrast to May 9, 2023, which the government had described as a “Black Day”, because of the violence unleashed by Khan’s supporters against public and private infrastructure. Six days after the ceasefire, Pakistani Prime Minister Shehbaz Sharif hailed the military’s actions as a “golden chapter in military history”. “This is a victory of the Armed Forces of Pakistan as well as the self-reliant, proud and dignified Pakistani nation. The entire nation is standing by the armed forces like a wall made of lead,” Sharif said in a statement, in a reference to the name of the operation against India, “Bunyan Marsoos“, an Arabic phrase meaning “a structure made of lead”. Imprisoned ex-premier Khan, who has been in jail since August 2023, also issued a statement through his lawyers, saying the military needs public support more than ever. “The morale of the nation becomes the strength of the armed forces. That is why I’ve consistently emphasised that we must not isolate our people, and we must breathe life back into our justice system,” Khan said, according to a message posted on his account on X, the social media platform, on May 13. Though released soon after his arrest in May 2023, Khan was arrested again in August 2023 and remains in custody, along with his wife, Bushra Bibi. Since Pakistan’s independence from British colonial rule in August 1947, its military – especially the army – has remained the most dominant force in the country. Maria Rashid, a lecturer in politics and international relations at the School of Oriental and African Studies (SOAS), University of London, said the military has long portrayed itself as “the saviour and defender of Pakistan’s physical borders but also its ideological frontiers”. This dominance has been cemented by four military coups and decades of direct and indirect rule. Before retiring after his six-year-long tenure, former Pakistani army chief General Qamar Javed Bajwa, in his farewell address, conceded in 2022 that Pakistan’s military had meddled in politics for decades. He also promised that in the future, the army would steer clear of interfering in Pakistan’s democratic sphere. Yet the military’s stranglehold over the public’s goodwill has been tested in recent years. When Imran Khan first became prime minister in 2018, the former cricket star turned-philanthropist-turned politician spoke of how his government and the army were “on one page”. But like many of his predecessors, that relationship soured. In April 2022, Khan was ousted via a parliamentary vote of no confidence. Yet, unlike previous leaders, Khan fought back publicly, accusing the military and the US of directly engineering his removal. The military and the US have both vehemently and repeatedly denied those allegations. His confrontations with the military escalated, including after General Munir assumed leadership in November 2022. Khan and the PTI launched a campaign of defiance, leading to dozens of criminal cases, including sedition against him and his colleagues. The May 9 riots in 2023 triggered a sweeping crackdown against the PTI. Thousands of party workers were arrested by the police, with more than 100 subsequently tried in military courts, many receiving prison sentences. While the military has faced allegations of domestic repression before, Rashid said that the backlash after Khan’s ouster was unprecedented. “It was a fall from grace, and it was vocal. It also coincided with the rise of social media, where the military found it difficult to control narratives,” she said. “If earlier, there was reverence for the military, lately, it has been just fear,” she added. The Pakistani military’s centrality has also been shaped by repeated wars with India – in 1948, 1965, 1971, and 1999 – primarily over Kashmir, which both nations claim in full but control only parts of. For Muhammad Badar Alam, a political analyst, the sense of a perpetual threat posed by India is “one of the fundamental factors” that gave the military a prominent position in society, politics and governance. Since their last conventional war in 1999, India has accused Pakistan of fomenting violence and “terrorism” on its soil by supporting violent elements, particularly in Indian-administered Kashmir. Pakistan denies the charges, saying it offers only moral and diplomatic support for Kashmiris. The last quarter of a century has seen multiple attacks inside India, especially the 2008 Mumbai attacks in which more than 160 people died, which India said was planned and executed by armed groups in Pakistan. Islamabad acknowledged that the perpetrators of the attack might have been Pakistani, but rejected India’s allegations that its government or military had any role in the assault on Mumbai. Ties between India and Pakistan nosedived further following the rise to power of Indian Prime Minister Narendra Modi and his Hindu majoritarian Bharatiya Janata Party (BJP) in 2014. Since then, India has responded to armed attacks on its soil by striking inside Pakistan and Pakistan-administered Kashmir in 2016, 2019 and now, in 2025. Lahore-based Alam told Al Jazeera that Modi’s hardened stance has helped the Pakistani military justify its power. “As long as the threat from the east exists, the military remains indispensable,” he said. Both sides have made contradictory claims about the recent four-day conflict. Pakistan reported shooting down five Indian fighter jets and emphasised the significance of the US-led ceasefire. Trump urged a resolution of the Kashmir dispute, an issue India insists can only be resolved through bilateral negotiations between India and Pakistan, without third-party involvement. India claimed deep strikes into Pakistani territory, targeting both alleged hideouts of armed groups and military installations. Islamabad-based political commentator Arifa Noor said that a conflict with a “next-door neighbour” does rally the citizenry around the state and its armed forces, and this is as true of Pakistan as it is of any other country. Noor added that while there is no doubt the military in Pakistan is enjoying a groundswell of goodwill, it might be too early to conclusively identify the impact of this on domestic politics. “Punjab, being on the border, saw the most visible support. But provinces like Khyber Pakhtunkhwa and Balochistan might view it differently,” she said. Both Khyber Pakhtunkhwa and Balochistan have seen sustained violence. Critics there accuse the military of human rights abuses and enforced disappearances – allegations the Pakistani military denies. Alam, echoing Noor’s view, also says the outpouring of public support was primarily visible in Punjab, as well as other urban areas of the country. Alam also said that with Imran Khan still in jail, it is unclear how much the military’s image has changed in the eyes of the former prime minister’s core supporters. Analysts warn that despite the “rally around the flag” effect that becomes pronounced in times of international tension, public support for leaders and institutions is typically short-lived. Niloufer Siddiqui, an associate professor of political science at the University of Albany in New York state, told Al Jazeera that it is unclear how long the military will receive an approval bump from the current crisis. Much, she said, could depend on “Indian rhetoric and whether it continues to be inflammatory”. Siddiqui further added that it will also depend on the type of rhetoric in which the PTI, which previously was a harsh critic of the military, chooses to engage going forward. London-based Rashid, who is also the author of Dying to Serve: Militarism, Affect and the Politics of Sacrifice in the Pakistan Army, said the big question for Pakistanis going forward would be whether they could draw a distinction between the military’s role at the borders and its involvement in domestic politics. “We need to be able to call out the involvement of Pakistan Army in politics, but, at the same time, acknowledge that their performance at the border is praiseworthy at this moment,” she said. Alam, meanwhile, said that the military, too, had lessons to learn from the crisis with India. “The military must realise that success requires public support. We cannot remain in perpetual war with India,” he said. “We must fix our economy, or it will become an existential issue. It should be a sobering moment.”"
"Car bomb in Pakistan’s restive southwest kills four people","The attack is just the latest in Balochistan, which is plagued by insurgency.","Published On 19 May 202519 May 2025","https://www.aljazeera.com/news/2025/5/19/car-bomb-in-pakistans-restive-southwest-kills-four-people","tag/india-pakistan-tensions/","A car bomb that has exploded near a market in Pakistan’s restive southwest has killed four people and wounded 20, according to a government official. The attack was near a market in Qillah Abdullah, a city in the province of Balochistan, Deputy Commissioner Abdullah Riaz said on Monday. The province bordering Afghanistan is plagued by violence mounted by separatist groups. The blast on Sunday night damaged several shops and the outer wall of a building housing paramilitary forces, the official said. There was no immediate claim of responsibility for the bombing. A spokesperson for the Balochistan government condemned the attack and said an investigation is under way. Local security official Ghulab Khan told the AFP news agency that an improvised explosive device (IED) had been planted in a parked car, suggesting that the target was the paramilitary site but the attack was bungled. “It seems the IED exploded before reaching its intended destination,” he said. “All those killed are civilian passers-by.”    Balochistan has long been plagued by violence with an array of separatist groups staging attacks, including the Balochistan Liberation Army (BLA), which was designated as a “terrorist organisation” by the United States in 2019. The local chapter of ISIL (ISIS) has also increased its activities in recent months. The attack in Qillah Abdullah came days after four paramilitary officials were killed in the province. Two weeks ago, seven army soldiers were killed when their vehicle was targeted by an IED. In March, BLA fighters killed 33 people, mostly soldiers, during an assault on a train carrying hundreds of passengers. Pakistan has witnessed a sharp rise in violence in its regions bordering Afghanistan since the Taliban returned to power in Kabul in 2021. Islamabad has accused its western neighbour of allowing its territory to be used to launch attacks, a claim the Taliban has denied. Pakistan has also often accused India of supporting the BLA and the Pakistani Taliban. In a rare move this month, the BLA sought Indian support against Pakistan. The appeal in a May 11 statement came amid heightened tensions between the nuclear-armed neighbours. “If we receive political, diplomatic and defense support from the world – especially from India – the Baloch nation can eliminate this terrorist state and lay the foundation for a peaceful, prosperous and independent Balochistan,” the BLA said. It assured New Delhi that its fighters, if backed, would open another front against Pakistan’s military near Afghanistan, where the Pakistani Taliban has strongholds. So far, India has not officially responded to the overture."
"‘Fear is real’: Why young Kashmiris are removing tattoos of guns, ‘freedom’","For years, these tattoos symbolised defiance against the Indian government. Now, thousands are erasing them.","Published On 19 May 202519 May 2025","https://www.aljazeera.com/features/2025/5/19/fear-is-real-why-are-kashmiri-youths-removing-tattoos-from-their-bodies","tag/india-pakistan-tensions/","Srinagar, Indian-administered Kashmir – In a quiet laser clinic in Indian-administered Kashmir’s biggest city, Srinagar, Sameer Wani sits with his arm stretched out, his eyes following the fading ink on his skin. The word “Azadi” (freedom in Urdu), once a bold symbol of rebellion against India’s rule, slowly disappears under the sting of the laser. What was once a mark of defiance has become a burden he no longer wants to carry.     As Sameer, 28, watches the ink vanish, his mind drifts to a day he will never forget. He was riding his motorbike with a friend when Indian security forces stopped them at a checkpoint. During the frisking, one of the officers pointed to the tattoo on his arm and asked, “What is this?” Sameer’s heart raced. “I was lucky he couldn’t read Urdu,” he tells Al Jazeera, his voice tinged with the memory. “It was a close call. I knew right then that this tattoo could get me into serious trouble.” When he was younger, he said, the tattoo was a “sign of strength, of standing up for something”. “But now I see it was a mistake. It doesn’t represent who I am any more. It’s not worth carrying the risk, and it’s not worth holding on to something that could hurt my future.” Sameer is one of many young Kashmiris choosing to erase tattoos that once reflected their political beliefs, emotional struggles or identity. Once worn with pride, the tattoos are now being removed in growing numbers across the region – quietly and without fanfare. While a trend to remove tattoos was already under way, the urgency has deepened since India and Pakistan – who have fought three wars over Kashmir since emerging as independent nations in 1947 – came to the brink of yet another war following the killing of 26 people in the scenic resort town of Pahalgam in Indian-administered Kashmir last month. New Delhi accuses Islamabad of backing an armed rebellion that erupted on the Indian side in 1989. Pakistan rejects the allegation, saying it only provides moral diplomatic support to Kashmir’s separatist movement. Two weeks after Pahalgam, India, on May 7, launched predawn drone and missile attacks on what it called “terror camps” inside Pakistan and Pakistan-administered Kashmir – the most extensive cross-border missile strikes since their war in 1971. For the next three days, the world held its breath as the South Asian nuclear powers exchanged fire until United States President Donald Trump announced a ceasefire between them on May 10. However, peace remains fragile in Indian-administered Kashmir, where a crackdown by Indian forces has left the region gripped by fear. Homes of suspected rebels have been destroyed, others have been raided, and more than 1,500 people have been arrested since the Pahalgam attack, many under preventive detention laws. In such a tense atmosphere, many Kashmiri youth say they feel exposed – and more vulnerable to scrutiny over even the most personal forms of expression. “Every time something happens between India and Pakistan, we feel it on our skin – literally,” Rayees Wani, 26, a resident of Shopian district, tells Al Jazeera. “I have a tattoo of Hurriyat leader Syed Ali Shah Geelani’s name on my arm, and after the Pahalgam attack, I started getting strange looks at checkpoints,” he said, referring to the separatist leader who passed away at the age of 91 in 2021. The Hurriyat is an alliance of pro-freedom groups in Indian-administered Kashmir. “Even my friends ask me uncomfortable questions. The media, police, and even the neighbours start looking at you differently,” Rayees added. “I just wish people understood that a tattoo doesn’t define someone’s loyalty or character. We are just trying to live, not explain ourselves every day. I want to erase this as soon as possible.” Arsalan, 19, from Pulwama recently booked a tattoo removal session. He did not share his last name over fears of reprisal from the authorities. “People with visible tattoos – especially those hinting at past political affiliations – are suddenly worried they could be profiled, questioned – or worse,” he said. To be sure, tattoo culture itself isn’t fading in Kashmir. Tattoo studios are still busy, especially with clients aged between 22 and 40, many of whom wait for hours to get inked. But the trend has shifted; instead of political or religious tattoos, people now prefer minimalistic designs, nature-inspired patterns, names or meaningful quotes in stylish fonts. Some Kashmiris trying to get rid of tattoos say that’s part of their personal evolution and growth. “For me, it was about being brave,” Irfan Yaqoob from Baramulla district told Al Jazeera. Now 36, Yaqoob got a slain rebel’s name tattooed on his left arm when he was a teenager. “Back then, it felt like a symbol of courage. But now, when I look at it, I realise how much I have changed. Life has moved on, and so have I. I have a family, a job, and different priorities. I don’t want my past to define me or create trouble in the present. That’s why I decided to get it removed. It’s not about shame. It’s about growth,” he said. It isn’t just the security forces that are driving this move among many Kashmiris to get rid of tattoos. For some, tattoos became painful reminders of a turbulent past. For others, they turned into obstacles, especially when they tried to move ahead professionally or wanted to align the inscription on their bodies with their personal beliefs. Anas Mir, who also lives in Srinagar, had a tattoo of a sword with “Azadi” written over it. He got it removed a few weeks ago. “People don’t clearly say why they are removing tattoos. I removed mine only because of pressure from my family,” the 25-year-old said. “It’s my choice what kind of tattoo I want. No one should judge me for it. If someone had an AK-47 or a political tattoo, that was their choice. The authorities or government shouldn’t interfere. And yes, tattoo trends also change with time,” he added, referring to the Russian-made Avtomat Kalashnikova assault rifles, arguably the most popular firearm in the world. One of the key reasons behind people removing tattoos is religion. In a Muslim-majority region, tattoos, especially those carrying religious or political messages, could often conflict with the faith’s teachings. Faheem, 24, had a Quranic verse tattooed on his back when he was 17. “At that time, I thought it was an act of faith,” he told Al Jazeera, without revealing his last name over security fears. “But later, I realised that tattoos – especially with holy verses – are not encouraged [in Islam]. It started to bother me deeply. I felt guilty every time I offered namaz [prayers] or went to the mosque. That regret stayed with me. Getting it removed was my way of making peace with myself and with my faith.” Many others said they shared the feeling. Some visit religious scholars to ask whether having tattoos affects their prayers or faith. While most are advised not to dwell on past actions, they are encouraged to take steps that bring them closer to their beliefs. “It’s not about blaming anyone,” said Ali Mohammad, a religious scholar in Srinagar. “It’s about growth and understanding. When someone realises that something they did in the past doesn’t align with their beliefs any more, and they take steps to correct it, that’s a sign of maturity, not shame.” Another key factor driving tattoo removals is job security. In Kashmir, government jobs are seen as stable and prestigious. But having a tattoo, especially one with political references, can create problems during recruitment or background checks. Talib, who disclosed his first name only, had a tattoo of a Quranic verse shaped like an AK-47 rifle on his forearm. When he applied for a government position, a family friend in law enforcement hinted it might be an issue. “He didn’t say it directly, but I could tell he was worried,” said the 25-year-old. “Since then, I have been avoiding half-sleeve shirts. I got many rejections and no one ever gave a clear reason, but deep down, I knew the tattoo was a problem. It felt like a wall between me and my future.” As the demand for tattoo removal rises, clinics in Srinagar and other parts of Indian-administered Kashmir are seeing a steady increase in clients. Laser sessions, once rare, are now booked weeks in advance. Mubashir Bashir, a well-known tattoo artist in Srinagar who also runs a tattoo removal service, said: “After a popular singer’s death in 2022, the trend of AK-47 tattoos exploded,” Bashir said. Punjabi singer Sidhu Moose Wala, whose music often glorified guns, was killed in May 2022. Police blamed his death on an inter-gang rivalry. “But now, especially after the Pahalgam attack, we are seeing more people coming in to erase those tattoos. The fear is real,” Mubashir said. He estimated that tens of thousands of tattoos have been removed in the region over the past seven years, since 2019, when India abrogated Kashmir’s semi-autonomous status and launched a major crackdown, arresting thousands of civilians. “Some say the tattoo no longer represents them. Others mention problems at work or while travelling,” Mubashir said. Laser tattoo removal isn’t easy. It requires multiple sessions, costs thousands of rupees and can be painful. Even after successful removal, faint scars or marks often remain. But for many Kashmiris, the pain is worth it. Sameer, whose “Azadi” tattoo is almost gone, remembers the emotional weight of the process. “I didn’t cry when I got the tattoo,” he says. “But I cried when I started removing it. It felt like I was letting go of a part of myself.” Still, Sameer believes it was the right choice. “It’s not about shame,” he says. “I respect who I was. But I want to grow. I want to live without looking over my shoulder.” As he finishes another laser session, a faint scar is all that is left of the word that is Kashmir’s war-cry for freedom. “I will never forget what that tattoo meant to me when I was 18,” Sameer says as he rolls down his sleeve. “But now, I want to be someone new. I want a life where I don’t carry old shadows.”"
"Outrage after Indian professor arrested over remarks on military operation","Ali Khan Mahmudabad from Ashoka University held after complaint filed by a youth leader of the ruling BJP.","Published On 18 May 202518 May 2025","https://www.aljazeera.com/news/2025/5/18/indian-professor-arrested-over-social-media-post-on-military-operation","tag/india-pakistan-tensions/","A professor from an elite, private liberal-arts university in India has been arrested for a social media post about news briefings on the military operation against Pakistan more than a week after the two nuclear-armed neighbours agreed to a ceasefire, according to local media reports. Ali Khan Mahmudabad, an associate professor with the Department of Political Science at Ashoka University, was arrested on Sunday under sections of the criminal code pertaining to acts prejudicial to maintaining communal harmony, incitement of armed rebellion or subversive activities, and insults of religious beliefs. A police official told the Indian Express newspaper that the 42-year-old Muslim academic was arrested in the capital, New Delhi, 60km (37 miles) south of the university, located in Sonepat in Haryana state. A report by the online publication Scroll.in on Sunday quoted Mahmudabad’s lawyer as saying the case against him was filed on Saturday based on a complaint by Yogesh Jatheri, general secretary of the youth wing of the ruling Bharatiya Janata Party (BJP) in Haryana. The arrest was made days after the Haryana State Commission for Women summoned Mahmudabad for his comments on the daily briefings on India’s military operation in Pakistan and Pakistan-administered Kashmir. Colonel Sofiya Qureshi and Wing Commander Vyomika Singh from the Indian armed forces held media briefings on Operation Sindoor, launched on May 6. In a Facebook post on May 8, Mahmudabad had said: “I am very happy to see so many right wing commentators applauding Colonel Sophia Qureishi but perhaps they could also equally loudly demand that the victims of mob lynchings, arbitrary bulldozing and others who are victims of the BJP’s hate mongering be protected as Indian citizens. “The optics of two women soldiers presenting their findings is importantly but optics must translate to reality on the ground otherwise it’s just hypocrisy.” The post referred to Qureishi, a Muslim officer in the Indian army, and attacks against Muslims, including lynchings and destruction of their houses without due process. According to local media reports, the Haryana Women’s Commission on Monday said the professor’s statement “disparaged women officers in the Indian Armed Forces and promoted communal disharmony” and summoned him. Mahmudabad has defended his comments and said on X that they had been misunderstood. “If anything, my entire comments were about safeguarding the lives of both citizens and soldiers. Furthermore, there is nothing remotely misogynistic about my comments that could be construed as anti-women,” he said. In February last year, the human rights group Amnesty International urged the government to stop “unjust targeted demolition of Muslim properties”. “The unlawful demolition of Muslim properties by the Indian authorities, peddled as ‘bulldozer justice’ by political leaders and media, is cruel and appalling. Such displacement and dispossession is deeply unjust, unlawful and discriminatory. They are destroying families – and must stop immediately,” said Agnes Callamard, Amnesty’s secretary-general. “The authorities have repeatedly undermined the rule of law, destroying homes, businesses or places of worship, through targeted campaigns of hate, harassment, violence and the weaponization of JCB bulldozers. These human rights abuses must be urgently addressed,” she said in a statement. India’s Supreme Court has ordered a halt to so-called bulldozer justice, but that has not stopped authorities from disregarding due process. The government of Prime Minister Narendra Modi of the BJP has also been accused of allowing far-right Hindu vigilante groups to act with impunity. They have lynched Muslims and tried to police interfaith relations. Modi has spoken against cow vigilante killings, but his government has done little to stop the activities of vigilante groups. My statement re the summons that I received from the Haryana State Women’s Commission. The posts that were misunderstood and objected to can be accessed on my Facebook page. pic.twitter.com/U4rZrAXhFx — Ali Khan Mahmudabad (@Mahmudabad) May 14, 2025  Professors and activists across the country have shown their support for Mahmudabad. An open letter with about 1,200 signatories released on Friday said: “It is clear that Prof Khan praised the strategic restraint of the armed forces, analysed how any distinction between the terrorists or non-state actors and the Pakistani military has now collapsed, and said that the optics of the women officers chosen for media debriefs was ‘important’ as proof that the secular vision of the founders of our Republic is still alive.” The Amnesty International called for Professor Mahmudabad’s release. “The Haryana police must stop treating Professor Ali Khan Mahmudabad like a criminal simply for expressing an opinion,” Aakar Patel, chair of board at Amnesty International India, said: in a statement on Monday. “The shameful arrest of the Professor for a social media post seeking support for justice for victims of lynching and ‘bulldozer injustice’ in the country is a violation of his rights to freedom of expression and liberty. “The Haryana Police must immediately release Professor Mahmudabad and terminate the investigation against him.” The opposition Congress party chief Mallikarjun Kharge condemned the Muslim academic’s arrest. Mahmudabad’s arrest “shows how fearful the BJP is of any opinion disliked by them”, he posted on X. Pawan Khera, the chairman of the Congress media and publicity department, said: “It is not anti-national to show the mirror to the government whichever party is ruling. Ali is an academic and historian. What he has questioned the government on is the double standards.” The truce between India and Pakistan, announced on May 10, halted several days of missile and drone attacks across their shared border. Pakistan said at least 31 people were killed in India’s strikes while India said at least 15 people were killed in Pakistan’s counterattacks.   "
"‘Javelin is my career, not social media’: Neeraj Chopra on mental pressure","Chopra talks to Al Jazeera about the pressure of being a high-profile athlete in India and the 2025 season.","Published On 16 May 202516 May 2025","https://www.aljazeera.com/sports/2025/5/16/india-neeraj-chopra-javelin-olympics-record-arshad-nadeem-world-athletics-doha-diamond-league","tag/india-pakistan-tensions/","Doha, Qatar – Reigning men’s javelin world champion and Olympic silver medallist Neeraj Chopra is set to get his 2025 athletics season under way at World Athletics’ Doha Diamond League event in Qatar on Friday. The two-time Olympic medal-winning Indian athlete – gold at Tokyo 2021 and silver at Paris 2024 – walks into the new season following a stressful few weeks at home. From facing social media backlash for inviting Pakistan’s Arshad Nadeem to the inaugural Neeraj Chopra Classic javelin event, to publicly pledging his support for the Indian armed forces amidst their near full-fledged war against Pakistan and dealing with the weight of expectations on the field – Chopra says he’s happy to get back on the field. In this brief chat with Al Jazeera, the 27-year-old star spills his thoughts on the mental pressure of being a high-profile athlete in India, the boon and bane of social media, and the upcoming athletics season. Al Jazeera: How do you deal with the mental pressure of being a high-profile athlete and celebrity in a sport-mad country like India?Neeraj Chopra: The ability to win medals for my country is a matter of great pride for me and, to some extent, it takes care of some of the pressure. As long as I focus on my tasks and challenges on the field, I am able to overcome the mental challenges. I mostly train outside India, sometimes in South Africa during off-season and in Europe during the competition season. When I go back to India I have to live up to my public image and act in a certain way, especially for sponsorship deals, and I don’t enjoy it very much. Initially, after my success at the Tokyo Games, it was difficult but with time and the help of some of the experienced athletes, I have learned to deal with it. Al Jazeera: Is social media to be blamed for some of this pressure?
Chopra: Social media has given everyone with a phone and an internet connection the platform and freedom to say whatever they like and attack whomever they want. Some people take to social media to vent their pent-up frustrations. If they are facing any issues in their personal lives that can’t be aired, they take aim at people on social media. However, I try not to worry about such comments and focus on my work. Al Jazeera: Have there been instances where you’ve felt the need to quit social media and, if it comes down to it, would you be able to go off it?
Chopra: Of course. I can quit social media in a heartbeat if I want to. I never feel obligated to maintain a presence. I am there to share my journey, promote the sport and create a pathway for other athletes from my country. I want to show what goes behind becoming an international athlete. I am not an influencer, I am an athlete. Javelin is my career, not social media. I can quit social media very easily. Al Jazeera: You and Arshad Nadeem have flipped the script on a mostly European-centric sport by winning back-to-back Olympic medals in javelin, but will this success translate into the growth of track and field sports in the South Asian region?
Chopra: Honestly, up until a few years ago I didn’t I see a great future for athletics in India and couldn’t find a way to take it to the masses. Now, however, I am beginning to see a change. For instance, for the first time, four Indian athletes are part of the Doha Diamond League meet this year and that’s a great sign. I’m ecstatic. It means people are sitting up and taking notice. Javelin has slowly become a global event and is not restricted to European athletes any more. My competition, the Neeraj Chopra Classic, is a step in the same direction. I want to use it as a platform to showcase the sport to Indian masses and help it grow. Al Jazeera: The Doha Diamond League is where your season is about to get under way. You have an Olympic silver medal under your belt, but your World Athletics Championship title will be on the line this year. How do you feel about 2025?
Chopra: I’m ready and excited to get things going. I have a new coach, former Olympic gold medallist Jan Zelezny, who has helped me make minor changes to my routine. It took some time to adjust to the changes but I feel great. I have been troubled by some groin issues but it’s all in the past now. I can’t wait to start the new season. Al Jazeera: Your fans have been willing you on to break the 90-metre barrier for some time now. Does that pressure get to you and do you think this will be the year to surpass 90m?
Chopra: I feel reinvigorated and am in great shape physically. In addition to the physical aspect, Zelezny has also passed on tips that help me deal with the mental part of being an athlete. It helps keeps the pressure at bay. I have been training and performing consistently, which forms the basis of achieving the best results on the field. No one can predict what will happen on the day of the competition but I am always looking to go beyond my previous best. Several javelin athletes have thrown their personal best in Doha and I aim to do the same on Friday."
"Chopra: Nadeem javelin friendship ‘not the same’ after India-Pakistan clash","The recent military escalations have damaged a once exemplary athlete bond between India’s Chopra and Pakistan’s Nadeem.","Published On 15 May 202515 May 2025","https://www.aljazeera.com/sports/2025/5/15/chopra-nadeem-javelin-friendship-not-the-same-after-india-pakistan-clash","tag/india-pakistan-tensions/","Doha, Qatar – India’s Olympic gold medal-winning athlete Neeraj Chopra believes the recent escalations between his country and neighbouring Pakistan will affect the hugely popular friendship he shared with his cross-border counterpart Arshad Nadeem. Both men’s javelin athletes have earned widespread praise for overlooking the decades-old South Asian rivalry with their friendly interactions at international tournaments, but Chopra said on Thursday that his relationship with Nadeem is unlikely to remain the same. India and Pakistan were involved in a brief but intense military confrontation last week that threatened to erupt into the fifth full-scale war between the two countries. “It will not be like it was before [the recent escalations],” Chopra told Al Jazeera when asked about the repercussions of the tensions on his friendship with Nadeem. “I never had a very deep friendship with him, but we were always respectful towards each other,” he added while speaking before the Doha Diamond League, a World Athletics meet scheduled for Friday in Qatar. The frequent words of encouragement and appreciation exchanged between Chopra, who won Olympic gold at Tokyo 2021, and Nadeem, who bagged gold at Paris 2024, rendered both the darlings of social media and the face of a rare cross-border friendship. Happy Birthday to my friend and fellow athlete @Neeraj_chopra1 Wishing you a year filled with happiness, success, better health and joy. May you have a wonderful life ahead! — Arshad Nadeem (@ArshadOlympian1) December 24, 2024  However, following the April 22 attack that left 26 civilians dead in Pahalgam, in Indian-administered Kashmir, Chopra faced intense social media backlash for inviting Nadeem to the May 24 Neeraj Chopra Classic javelin event in India. The invitation was extended before the attack and was declined by Nadeem, citing his preparations for the May 27-31 Asian Athletics Championship in South Korea. Chopra’s eponymous event was eventually postponed in the wake of the cross-border conflict, but not before the 27-year-old Indian athlete released a statement on April 25, saying Nadeem’s participation at the meet was “completely out of the question” following the Pahalgam attack. pic.twitter.com/yMsX8ggnLA — Neeraj Chopra (@Neeraj_chopra1) April 25, 2025  On May 7, India launched multiple missile attacks on Pakistan and Pakistan-administered Kashmir, and the Pakistani military claimed to have shot down multiple Indian air force planes. Three days later, Pakistan retaliated with a missile attack on Indian airbases. Both countries were on the precipice of war before a United States-brokered ceasefire was agreed. Amid the war-like scenario, both Chopra and Nadeem took to social media to pledge their support for their respective armed forces. It was in stark contrast to the warmth shared by the world’s top javelin throwers, who often posed together for photographs at athletics events and shared greetings on social media. Chopra and Nadeem were gold and silver medallists at the World Athletics Championships in 2023 and celebrated together as the Indian asked his Pakistani opponent to join him for a photo and stood close with their arms around each other. When Nadeem became the first Pakistani track and field athlete to win a gold medal at the Paris Olympics, Chopra’s mother won hearts across the border when she said Nadeem was also like a “son” to her. It is unclear when the athletes will compete against each other, as Nadeem is not participating at the Doha Diamond League and Chopra is set to skip the Asian Athletics Championships in South Korea. Despite the fallout of the recent political and military standoff, Chopra said he will continue to maintain a respectful demeanour towards Nadeem. “I have a lot of friends in the athletics circuit since javelin throwers are a very small community,” Chopra said. “I will always reciprocate the respect I receive from my fellow athletes.”"
"India and Pakistan trade accusations of nuclear weapons mismanagement","Islamabad hits back after Indian defence minister says Pakistan’s nuclear arsenal should be under UN surveillance.","Published On 15 May 202515 May 2025","https://www.aljazeera.com/news/2025/5/15/india-and-pakistan-trade-accusations-of-nuclear-weapons-mismanagement","tag/india-pakistan-tensions/","India and Pakistan have traded accusations of nuclear weapons mismanagement, days after reaching a truce following four days of cross-border fighting. India’s Defence Minister Rajnath Singh questioned the safety of nuclear weapons in Pakistan on Thursday at an army base in Srinagar, in Indian-administered Kashmir, calling the neighbouring country an “irresponsible and rogue nation”. “I believe that Pakistan’s nuclear weapons should be taken under the supervision of IAEA (International Atomic Energy Agency),” Singh said. In response to the minister’s comments, Pakistan’s Ministry of Foreign Affairs said in a statement that Singh had revealed his “profound insecurity and frustration regarding Pakistan’s effective defence and deterrence”. “The comments of India’s Defence Minister also show his sheer ignorance of the mandate and responsibilities of a specialised agency of the United Nations like the IAEA,” it read. “If anything, the IAEA and the international community should be worried about the repeated theft and illicit trafficking incidents involving nuclear and radioactive material in India,” the statement added. The UN nuclear watchdog monitors countries that have nuclear weapons to ensure that they are peaceful. Under a 2008 agreement, the IAEA monitors several Indian civilian nuclear facilities.    After conducting tit-for-tat nuclear tests in 1998, India and Pakistan became nuclear powers, making the region one of the world’s dangerous nuclear flashpoints. Last week, the two countries traded intense missile and drone attacks, leaving nearly 70 people dead. The fighting followed an April 22 rebel attack on Pahalgam, in Indian-administered Kashmir, that New Delhi blamed on Pakistan – an accusation Islamabad denied. On Saturday, United States President Donald Trump announced a surprise ceasefire agreement as world powers urged the two nuclear powers to avoid escalating tensions. While the ceasefire is currently holding, Prime Minister Narendra Modi said on Monday that India would strike at militant hideouts across the border again if there were new attacks on India and would not be deterred by what he referred to as Islamabad’s “nuclear blackmail”. However, Pakistan rejected Modi’s statements as being “provocative and inflammatory assertions”, saying they represents a dangerous escalation. Meanwhile, on Thursday, police in Indian-administered Kashmir said they killed three suspected fighters in the town of Tral, in Pulwama district south of Srinagar. Police also said three other suspected fighters died in a gun battle with soldiers on Tuesday in the southern Kashmir valley."
"Pakistan FM: US didn’t force the ceasefire with India","Pakistan’s Ishaq Dar denies US pressure in the ceasefire with India, says Pakistan chose peace, but will it hold?","Published On 15 May 202515 May 2025","https://www.aljazeera.com/program/talk-to-al-jazeera/2025/5/15/pakistan-fm-us-didnt-force-the-ceasefire-with-india","tag/india-pakistan-tensions/","After deadly attacks between Pakistan and India, a ceasefire was suddenly declared. Foreign Minister Ishaq Dar rejects claims that Washington imposed the truce, insisting Pakistan acted independently. He addresses India’s accusations and Pakistan’s military influence. As two rivals teetered on the edge of war, Ishaq Dar explains Pakistan’s strategy, its position on Kashmir, and whether this ceasefire might not last."
"Did Pakistan shoot down five Indian fighter jets? What we know","New Delhi and Islamabad have provided contrasting claims about the incident.","Published On 14 May 202514 May 2025","https://www.aljazeera.com/news/2025/5/14/did-pakistan-shoot-down-five-indian-fighter-jets-what-we-know","tag/india-pakistan-tensions/","Four days after India and Pakistan reached a ceasefire after a rapid escalation in a military conflict between them, key differences between their battlefield claims remain unresolved. Among them is Pakistan’s assertion that it shot down five Indian fighter jets on May 7, the first day of fighting, in response to Indian attacks on its territory. As a battle of narratives takes over from the actual fighting, Al Jazeera takes stock of what we know about that claim, and why, if true, it matters. Tensions between India and Pakistan erupted into military confrontation on May 7 after India bombed nine sites across six cities in Pakistan and Pakistan-administered Kashmir. India said it had struck what it called “terrorist infrastructure” in response to the deadly April 22 killings of tourists by suspected rebels in India-administered Kashmir. Gunmen on April 22 shot dead 25 male tourists and a local pony rider in the picturesque meadows of Pahalgam, triggering outrage and calls for revenge in India. New Delhi blamed Pakistan for supporting the fighters responsible for the attack, a charge Islamabad denied. Pakistan said Indian forces on May 7 struck two cities in Pakistan-administered Kashmir and four sites in the country’s largest province, Punjab. It said civilians were killed in the attacks. India’s Defence Minister Rajnath Singh rejected the Pakistani claims, reiterating that Indian forces “struck only those who harmed our innocents”. Over the next four days, the two nuclear-armed neighbours were engaged in tit-for-tat strikes on each other’s airbases, while unleashing drones into each other’s territories. Amid fears of a nuclear exchange, top officials from the United States made calls to Indian and Pakistani officials to end the conflict. On May 10, US President Donald Trump announced that Washington had successfully mediated a ceasefire between the nuclear-armed neighbours. Despite initial accusations of violations by both sides, the ceasefire has continued to hold so far. Pakistan reported on Tuesday that Indian strikes killed at least 51 people, including 11 soldiers and several children, while India has said at least five military personnel and 16 civilians died. Speaking to Al Jazeera shortly after the May 7 attacks, Pakistan’s Information Minister Attaullah Tarar said Islamabad, in retaliation, had shot down five Indian jets, a drone, and many quadcopters. Later in the day, Pakistan’s military spokesperson Ahmed Sharif Chaudhry said the warplanes had all been downed inside Indian territory, and aircraft from neither side crossed into the other’s territory during the attacks – an assertion India seconded. “Neither India nor Pakistan had any need to send their own aircraft out of their own national airspace,” British defence analyst Michael Clarke told Al Jazeera. “Their standoff weapons all had long enough ranges to reach their evident targets whilst flying in their own airspace,” Clarke, who is a visiting professor in the Department of War Studies at King’s College, London, added. On Friday, Pakistan’s Air Vice Marshal Aurangzeb Ahmed claimed that among the five downed aircraft were three Rafales, a MiG-29, and an Su-30, providing electronic signatures of the aircraft, in addition to the exact locations where the planes were hit. The battle between Pakistani and Indian jets lasted for just over an hour, Ahmed, who is also the deputy chief of operations, told reporters. He stated that the confrontation featured at least 60 Indian aircraft, among them 14 French-made Rafales, while Pakistan deployed 42 “hi-tech aircraft,” including American F-16s and Chinese JF-17s and J-10s. After Chinese state news outlet The Global Times wrote that Pakistan had brought down Indian fighter planes, India’s embassy in China described the report as “disinformation”. However, beyond that, New Delhi has not formally confirmed or denied the reports. Asked specifically whether Pakistan had managed to down Indian jets, India’s Director General of Air Operations AK Bharti avoided a direct answer. “We are in a combat scenario and losses are a part of it,” he said. “As for details, at this time I would not like to comment on that as we are still in combat and give advantage to the adversary. All our pilots are back home.”    Beyond the official accounts, local and international media outlets have reported different versions of Pakistan’s claims of downing the jets. According to Indian security sources who spoke to Al Jazeera, three fighter jets crashed inside India-controlled territory. They did not confirm which country the warplanes belonged to. However, with neither side suggesting that Pakistani planes crossed into Indian airspace, any debris in Indian-controlled territory likely comes from an Indian plane. Reuters news agency also reported, citing four government sources in Indian-administered Kashmir, that three fighter jets crashed in the region. Reports in CNN said that at least two jets crashed, while a French source told the US outlet that at least one Rafale jet had been shot down. Photos taken by AP news agency photo journalists showed debris of an aircraft in the Pulwama district in Indian-administered Kashmir. Defence analyst Clarke said if India has indeed lost a Rafale, that would certainly be “embarrassing”. “If it came down inside Indian territory, which must be the case if one was destroyed, then India will want to keep it only as a rumour for as long as possible,” he added. “India has said that “losses” are inevitable, and that is probably as near as they will get to admitting a specific aircraft loss for a while.”"
"What did India and Pakistan gain – and lose – in their military standoff?","As the archrivals halt hostilities after four days of fighting, analysts discuss if either gained an upper hand.","Published On 14 May 202514 May 2025","https://www.aljazeera.com/news/2025/5/14/what-did-india-and-pakistan-gain-and-lose-in-their-military-standoff","tag/india-pakistan-tensions/","Islamabad, Pakistan – Four days after a May 10 ceasefire pulled India and Pakistan back from the brink of a full-fledged war following days of rapidly escalating military tensions, a battle of narratives has broken out, with each country claiming “victory” over the other. The conflict erupted after gunmen killed 26 civilians in Pahalgam, in Indian-administered Kashmir, on April 22. A little-known armed group, The Resistance Front (TRF), initially claimed responsibility, with India accusing Pakistan of backing it. Indian Prime Minister Narendra Modi promised retaliation, even though Pakistan denied any role in the attack. After a series of tit-for-tat diplomatic measures between the neighbours, tensions exploded militarily. Early on the morning of May 7, India fired missiles at what it described as “terrorist” bases not just in Pakistan-administered Kashmir, but also four sites in Pakistan’s Punjab province. In the following days, both sides launched killer drone strikes at each other’s territory and blamed one another for initiating the attacks. Tensions peaked on Saturday when India and Pakistan fired missiles at each other’s military bases. India initially targeted three Pakistani airbases, including one in Rawalpindi, the garrison city which is home to the headquarters of the Pakistan Army, before then launching projectiles at other Pakistani bases. Pakistan’s missiles targeted military installations across the country’s frontier with India and Indian-administered Kashmir, striking at least four facilities. Then, as the world braced for total war between the nuclear-armed neighbours, US President Donald Trump announced a ceasefire, which he claimed had been mediated by the United States. Pakistan express gratitude to the US, even as India insisted the decision to halt fighting was made solely by the two neighbours without any third-party intervention. Since the announcement, both countries have held news conferences, presenting “evidence” of their “achievements”. On Monday, senior military officials in India and Pakistan spoke by phone, pledging to uphold the ceasefire in the coming days. However, analysts say neither side can truly claim to have emerged from the post-April 22 crisis with a definite upper hand. Instead, they say, both India and Pakistan can claim strategic gains even as they each also suffered losses. The military standoff last week – like three of the four wars between India and Pakistan – had roots in the two countries’ dispute over the Kashmir region. Pakistan and India administer different parts of Kashmir, along with China, which governs two narrow strips. India claims all of Kashmir, while Pakistan claims the part India – but not Islamabad’s ally China – administers. After the 1971 war between India and Pakistan, which led to the creation of Bangladesh, New Delhi and Islamabad inked the Simla Agreement, which, among other things, committed them to settling “their differences by peaceful means through bilateral negotiations”. Since then, India has argued that the Kashmir dispute – and other tensions between the neighbours – can only be settled bilaterally, without third-party intervention. Pakistan, however, has cited United Nations resolutions to call for the global community to play a role in pushing for a solution. On Sunday, Trump said that the US was ready to help mediate a resolution to the Kashmir dispute. “I will work with you both to see if, after a thousand years, a solution can be arrived at, concerning Kashmir,” the US president posted on his Truth Social platform. Walter Ladwig, a senior lecturer at King’s College London, said the latest conflict gave Pakistan a chance to internationalise the Kashmir issue, which had been its longstanding strategic goal. “Islamabad welcomed mediation from a range of countries, including the US, framing the resulting ceasefire as evidence of the need for external involvement,” Ladwig told Al Jazeera. By contrast, he said, India had to accept a ceasefire brokered externally, rather than ending the conflict on its own terms. Sudha Ramachandran, the South Asia editor for The Diplomat magazine, said that Modi’s government in India may have strengthened its nationalist support base through its military operation, though it may have also lost some domestic political points with the ceasefire. “It was able to score points among its nationalist hawkish support base. But the ceasefire has not gone down well among hardliners,” Ramachandran said. Highlighting ‘terrorism’: India’s gain However, analysts also say the spiral in tensions last week, and its trigger in the form of the Pahalgam attack, helped India too. “Diplomatically, India succeeded in refocusing international attention on Pakistan-based militant groups, renewing calls for Islamabad to take meaningful action,” Ladwig said. He referred to “the reputational cost [for Pakistan] of once again being associated with militant groups operating from its soil”. “While Islamabad denied involvement and called for neutral investigations, the burden of proof in international forums increasingly rests on Pakistan to demonstrate proactive counterterrorism efforts,” Ladwig added. India has long accused Pakistan of financing, training and sheltering armed groups that support the secession of Kashmir from India. Pakistan insists it only provides diplomatic and moral support to Kashmir’s separatist movement. Planes down may be Pakistan’s gain India claimed that its strikes on May 7 killed more than 100 “terrorists”. Pakistan said the Indian missiles had hit mosques and residential areas, killing 40 civilians, including children, apart from 11 military personnel. Islamabad also claimed that it scrambled its fighter planes to respond and had brought down multiple Indian jets. India has neither confirmed nor denied those claims, but Pakistan’s military has publicly shared details that it says identify the planes that were shot down. French and US officials have confirmed that at least one Rafale and one Russian-made jet were lost by India. Indian officials have also confirmed to Al Jazeera that at least two planes crashed in Indian-administered territory, but did not clarify which country they belonged to. With both India and Pakistan agreeing that neither side’s jets had crossed their frontier, the presence of debris from a crashed plane in Indian-administered territory suggests they were likely Indian, say analysts. The ceasefire coming after that suggests a gain for Pakistan, Asfandyar Mir, a senior fellow at the Stimson Center in Washington, DC, told Al Jazeera. “Especially, the downing of the aircraft confirmed by various independent sources. So, it [Pakistan] may see the ceasefire as being better for consolidating that dividend.” Muhammad Shoaib, an academic and security analyst at Quaid-i-Azam University in Islamabad, called India’s strikes against Pakistan a strategic miscalculation. “Their reading of Pakistan’s ability to hit back was flawed,” he said. Ladwig, however, said it would be a mistake to overstate the significance of any Pakistani successes, such as the possible downing of Indian jets. “These are, at best, symbolic victories. They do not represent a clear or unambiguous military gain,” he said. In many ways, analysts say that the more meaty military accomplishment was India’s. In addition to Kotli and Muzaffarabad in Pakistan-administered Kashmir, Indian missiles on May 7 also targeted four sites in Punjab, Pakistan’s most populous state and the country’s economic nerve-centre. Over the next two days, India also fired drones that reached deep inside Pakistani territory, including major Pakistani population centres such as Lahore and Karachi. And on May 10, Indian missiles hit three Pakistani airbases that were deeper in Pakistan’s Punjab than the Indian bases Pakistan hit that day were in Indian territory. Simply put, India demonstrated greater reach than Pakistan did. It was the first time since the 1971 war between them that India had managed to hit Punjab. Launching a military response not just across the Line of Control, the two countries’ de-facto border in Kashmir, but deep into Pakistan had been India’s primary goal, said Ramchandran. And India achieved it. Ladwig, too, said that India’s success in targeting Punjab represented a serious breach of Pakistan’s defensive posture. Military officials from both countries who spoke on Monday and agreed to hold the ceasefire also agreed to take immediate steps to reduce their troops’ presence along the borders. A second round of talks is expected within 48 hours. However, later that day, Indian Prime Minister Modi said that the fighting had merely “paused”. Still, the Stimson Center’s Mir believes the ceasefire could hold. “Both sides face constraints and opportunities that have emerged during the course of the last week, which, on balance, make a ceasefire a better outcome for them,” he said. Ladwig echoed that view, saying the truce reflects mutual interest in de-escalation, even if it does not resolve the tensions that led to the crisis. “India has significantly changed the rules of the game in this episode. The Indian government seems to have completely dispensed with the game that allows Islamabad and Rawalpindi to claim plausible deniability regarding anti-Indian terrorist groups,” he said. “What the Pakistani government and military do with groups on its soil would seem to be the key factor in determining how robust the ceasefire will be.” Quaid-i-Azam University’s Shoaib, who is also a research fellow at George Mason University in the US, emphasised the importance of continued dialogue. He warned that maintaining peace will depend on security dynamics in both Indian-administered Kashmir and Pakistan’s Balochistan province. Just as India accuses Pakistan of supporting cross-border separatism, Islamabad alleges that New Delhi backs a separatist insurgency in Balochistan, a claim India denies. “Any subsequent bout of violence has the potential to get bloodier and more widespread,” Shoaib said. “Both sides, going for a war of attrition, could inflict significant damage on urban populations, without gaining anything from the conflict.”"
"India expels Pakistan diplomat as war of words simmers in place of fighting","Pakistan reiterates its commitment to the ceasefire but warns it will respond forcefully to any future Indian attacks.","Published On 13 May 202513 May 2025","https://www.aljazeera.com/news/2025/5/13/india-expels-pakistan-diplomat-as-war-of-words-simmers-in-place-of-fighting","tag/india-pakistan-tensions/","India has ordered a Pakistani diplomat to leave the country within 24 hours as tensions simmer in the wake of heavy military exchanges between the nuclear-armed neighbours before a ceasefire was agreed last week. The unnamed official, stationed at Pakistan’s embassy in New Delhi, was accused by India’s Ministry of External Affairs on Tuesday of “indulging in activities not in keeping with his official status”. The move comes after a brief but intense military confrontation last week that threatened to erupt into the fifth full-scale war between the two countries. While the truce brought a temporary halt to cross-border missile and drone strikes, sporadic skirmishes continue along the Line of Control (LoC), the de facto border  in disputed Kashmir, a region claimed by both nations. On Tuesday, Pakistan reiterated its commitment to the ceasefire but warned it would respond forcefully to any future attacks. The statement came after Indian Prime Minister Narendra Modi warned in his first national address since the truce that India would strike “terrorist hideouts” across the border if provoked again. The ultranationalist Hindu leader added that India “only paused” its military action against Pakistan. Modi’s remarks were swiftly condemned by Pakistan’s Ministry of Foreign Affairs, which called them “provocative and inflammatory”. “At a time when international efforts are being made for regional peace and stability, this statement represents a dangerous escalation,” it said. “Pakistan remains committed to the recent ceasefire understanding and taking necessary steps towards de-escalation and regional stability,” the statement continued, adding that any future aggression would receive a response. The conflict ignited after a deadly April 22 shooting attack in the Pahalgam area of India-administered Kashmir, where 25 Indian tourists and one Nepalese visitor were killed. India accused Pakistan’s government of links to the attacks – an accusation Islamabad strongly denied. India launched strikes on what it called “terrorist infrastructure” in Pakistan and Pakistan-administered Kashmir. According to Islamabad, 40 civilians and 11 Pakistani military personnel were killed in last week’s violence. India said at least 16 civilians and five Indian soldiers were killed. The fighting marked the most severe exchange between the two countries in nearly 30 years and ended only after sustained diplomatic pressure. On Monday, India said it held a rare phone call with Pakistan’s military leaders, agreeing to uphold the ceasefire and explore ways to de-escalate the conflict. Despite the ceasefire, sporadic violence continued on Tuesday with Indian forces reporting a gun battle in southern Kashmir’s Shopian district. The army said three suspected fighters were killed in a “search and destroy” operation launched on intelligence input. On Tuesday, Modi visited Adampur airbase near the border and reiterated India’s stance in a speech to air force personnel. “We will not differentiate between the government sponsoring terrorism and the masterminds of terrorism,” he said. “We will enter their dens and hit them without giving them an opportunity to survive.” Meanwhile, both sides have taken a series of retaliatory diplomatic and economic measures. India has suspended most visa services for Pakistani nationals, halted bilateral trade and announced its intention to unilaterally suspend the Indus Waters Treaty, a World Bank-brokered water-sharing agreement in place since 1960 that is critical for farming. In response, Pakistan banned visas for Indians, closed its airspace to Indian aircraft and imposed a reciprocal trade embargo."
"India’s ‘new normal’ of perpetual war will damage its democracy","The BJP whipped up war fervour in the aftermath of the Pahalgam attack. Now it cannot ‘disappoint’ with peace.","Opinion by ApoorvanandApoorvanandPublished On 13 May 202513 May 2025","https://www.aljazeera.com/opinions/2025/5/13/indias-new-normal-of-perpetual-war-will-damage-its-democracy","tag/india-pakistan-tensions/","On May 12, two days after the announcement of a ceasefire between India and Pakistan, Indian Prime Minister Narendra Modi finally addressed the nation. He stated that the Indian army had only “paused” military action and Operation Sindoor, launched in the aftermath of the April 22 massacre in Pahalgam to target “terrorist hideouts”, had not ended. “Now, Operation Sindoor is India’s policy against terrorism. Operation Sindoor has carved out a new benchmark in our fight against terrorism and has set up a new parameter and new normal,” he said.     Modi’s speech was clearly not meant to reassure the Indian people that the government can guarantee their safety or security and is seeking peace and stability. Instead, it was meant to warn that the country is now in a permanent warlike situation. This new state of affairs has been called not to secure the national interest but to satisfy Modi’s nationalist support base, which was bewildered and disappointed with the announcement of the ceasefire by United States President Donald Trump. The detrimental impact that this new militarised normal will have on Indian democracy is clearly a price worth paying, according to the ruling Bharatiya Janata Party (BJP). The truth is, the political establishment unwittingly put itself in a difficult position when it decided to capitalise politically on the aftermath of the Pahalgam attack in India-administered Kashmir and whip up war fervour. While victims of the attack like Himanshi Narwal, who survived but lost her husband, navy officer Vinay Narwal, called for peace and warned against the targeting of Muslims and Kashmiris, the BJP called for revenge and embraced anti-Muslim rhetoric. As a ruling party, it did not feel the need to take responsibility for failing to prevent the attack or explain the carelessness in securing tourist destinations. It immediately converted this act of killing into an act of war against India. Actions followed the hate rhetoric swiftly. Muslims and Kashmiris were attacked in several parts of India, and arrests were made of those criticising the Indian government. In Kashmir, nine houses were blasted immediately as punishment of those who had any link with “terrorists”, and thousands were detained or arrested. People with Pakistani passports were deported, and families were broken. Then, Operation Sindoor was announced. The Indian army’s targeting of Pakistani sites was accompanied by frenzied calls from the mainstream media for the complete obliteration of Pakistan. Major TV platforms – entirely falsely – declared the Karachi port had been destroyed and the Indian army had breached the border. The war cries and fake news emerging from the TV studios and the frantic messaging from the IT cells of the BJP led its supporters to believe that a decisive battle against Pakistan had been launched and its fall was imminent. In parallel, critical voices were swiftly silenced. The Indian government requested the blocking of 8,000 accounts from the social media platform X, including those of BBC Urdu, Outlook India, Maktoob Media, veteran journalist Anuradha Bhasin and political content creator Arpit Sharma. Just when war fever had gripped the BJP’s support base, the sudden announcement of a ceasefire by the US caught them by surprise. The truce was seen as a retreat and an admission of weakness. Some of the BJP’s online supporters turned on the foreign secretary, Vikram Misri, who had declared the ceasefire as the representative of the government of India. He was viciously attacked, and his timeline was flooded with abusive and violent messages, calling him a traitor and coward. His daughter also faced abuse. The trolling was so severe that Misri had to lock his social media accounts. Interestingly, but unsurprisingly, we did not hear about the blocking of any social media accounts trolling him or any action by the police against them. There was no action to protect Narwal either after she faced abuse and humiliation by the same crowd for daring to call for peace. Meanwhile, the Association for Protection of Civil Rights, which focuses on rights violations in marginalised communities, has released a report saying 184 hate crimes against Muslims – including murder, assault, vandalism, hate speech, threats, intimidation and harassment – have been reported from different parts of India since April 22. On Saturday, Misri claimed that India was a democracy that allowed criticism of the government. But the experience of critics raising questions about the objective and efficacy of Operation Sindoor has been bitter. Criticism of government requires parliamentary deliberation. But the government has been ignoring calls by opposition parties to convene the parliament, which means stalling democratic dialogue. Now that the prime minister has announced the operation has not ended, total loyalty from the Indian people will be demanded. Opposition parties would feel compelled to suspend all questions to the government. Muslims would feel a burden to prove their allegiance to the nation. The government will happily blame a dire economic situation that is of its doing on the war. There will be freedom of speech, but only for those who speak in favour of the BJP. Democracy in India thus remains in suspended animation as the country now faces a permanent enemy and a permanent war. The views expressed in this article are the author’s own and do not necessarily reflect Al Jazeera’s editorial stance."
"‘No guardrails’: How India-Pakistan combat obliterated old red lines","From missiles targeting broad swaths of territory to water as a weapon, the threshold for the next war has been lowered.","Published On 13 May 202513 May 2025","https://www.aljazeera.com/news/2025/5/13/no-guardrails-how-india-pakistan-combat-obliterated-old-red-lines","tag/india-pakistan-tensions/","New Delhi, India – Guns have fallen silent for now along the tense India-Pakistan frontier, after a ceasefire that appears to have held for three nights. On May 7, India launched predawn attacks on what it called multiple “terror sites” across Pakistan to avenge the April 22 killing of 26 men, almost all of them tourists, in Indian-administered Kashmir’s resort town of Pahalgam. New Delhi accused Islamabad of backing the gunmen. Pakistan denied its involvement.     India’s aerial assault kick-started four days of heightened tension, as both neighbours fired missiles and drones at each other’s military installations in a rapidly escalating cycle that brought them to the brink of full-scale war. Both sides have claimed to have decisively damaged, even destroyed, the other’s key strategic facilities, even though early evidence suggests more limited damage to military bases in both India and Pakistan. Yet even as India and Pakistan arrived at a ceasefire that United States President Donald Trump insists his administration brokered, experts say something has indeed been decimated, potentially beyond repair: Old red lines that had defined the tense relationship between the South Asian neighbours. “India and Pakistan have entered a phase of ‘armed coexistence’ with little room for diplomacy and a narrow margin for error, despite having a live and sensitive border,” Praveen Donthi, senior analyst at the International Crisis Group in New Delhi, told Al Jazeera. “This situation does not bode well for either country or the region, because even accidental triggers could escalate into a war-like situation with no guardrails in place.” The seeds of the India-Pakistan conflict were sown when their independence from British rule in 1947 was accompanied by a partition of the Indian subcontinent to create Pakistan. Since then, the two neighbours have fought four wars, three of them over Kashmir, a region they both control partially along with China, which governs two thin slices in the north. India claims all of Kashmir, while Pakistan claims all parts other than the ones governed by China, its ally. After their 1971 war that led to the creation of Bangladesh, India and Pakistan signed what is known as the Simla Agreement, which said “the two countries are resolved to settle their differences by peaceful means through bilateral negotiations.” While Pakistan has often cited United Nations resolutions to argue for international involvement in the resolution of the Kashmir dispute, India has cited the Simla Agreement for more than half a century to insist that any negotiations between the countries be strictly bilateral. To be sure, the US has since intervened to calm tensions between India and Pakistan: In 1999, for instance, President Bill Clinton pressured Pakistani Prime Minister Nawaz Sharif to withdraw troops from the icy heights of Indian-controlled Kargil, where they had entered. However, Washington publicly played coy about its role, allowing India to insist that the US had only helped with crisis management, not any dispute resolution mediation. That changed on Saturday, when US President Donald Trump upstaged New Delhi and Islamabad to announce a “full and immediate” India-Pakistan ceasefire hours before the governments of Indian Prime Minister Narendra Modi or his Pakistani counterpart Shehbaz Sharif confirmed the development. The next day, Trump went further. “I will work with you, both to see if, after a ‘thousand years,’ a solution can be arrived at concerning Kashmir,” he posted on his Truth Social platform. And on Monday, merely 30 minutes before Modi was scheduled for his first address since India launched attacks in Pakistan, Trump told reporters at the White House that his administration had leveraged trade to reach a ceasefire. “Let’s stop [the fighting]. If you stop it, we’ll do a trade. If you don’t stop it, we’re not going to do any trade,” Trump said. “And all of a sudden they said, ‘I think we’re going to stop.’ For a lot of reasons, but trade is a big one.” Such US mediation, were it to happen, would shatter India’s longstanding red line against mediation by other countries, say experts. “India has consistently sought to avoid third-party involvement in the Kashmir dispute even as it has occasionally welcomed third-party help in crisis management,” Christopher Clary, a former Pentagon official and a non-resident fellow at the Washington, DC-based Stimson Center, told Al Jazeera. When he spoke, Modi largely stuck to traditional positions he has taken after previous bouts of tension with Pakistan. He said “terror and talks cannot happen together,” and “water and blood cannot flow together,” a reference to the Indus Waters Treaty for sharing water between India and Pakistan, which New Delhi walked out of after the Pahalgam attack. Unlike Pakistan PM Sharif, who expressed gratitude to Trump for brokering a ceasefire, Modi claimed that India had “only paused” its military action – noting the decision was taken bilaterally. He did not mention Trump or his administration. Regardless, “the spectre of international intervention” in Kashmir has been resurrected, said Sumantra Bose, political scientist and the author of the 2021 book Kashmir at the Crossroads. He said India’s furious barrage of missiles and drones at Pakistan in response to the Pahalgam killings “catered to domestic jingoism but naturally roused global alarm”. India might, however, be helped in avoiding actual US intervention in Kashmir by the immediacy of the Trump administration’s other foreign policy goals, like the conflicts in the Middle East and Ukraine, “that will divert already overburdened [American] policymakers to other tasks”, said Clary. According to Bose, India and Pakistan crossed not just red lines, “but a Rubicon by attacking numerous high-population targets in cities and towns” last week. India, in its most expansive offensive against Pakistan outside full-blown wars, said it hit “terrorist infrastructure” on May 7 as part of what it called Operation Sindoor. That was a reference to the vermillion that married Hindu women apply to their forehead, and an allusion to the manner in which the Pahalgam attack appears to have unfolded: Multiple witness accounts suggest the attackers segregated the men, then picked and hit non-Muslims. Modi claimed, in his Monday statement, that the Indian attacks had killed more than 100 “terrorists”. Pakistan has insisted that only 31 civilians – including two children – were killed in the May attacks. Yet both sides agree that the Indian missiles struck not just two cities – Muzaffarrabad and Kotli – in Pakistan-administered Kashmir, but also four cities in Pakistan’s Punjab province, the county’s economic heart and home to 60 percent of its population. The targets were Bahawalpur, Muridke, Shakar Garh and a village near Sialkot. This was the first time that India had struck Punjab since the 1971 war. As tensions spiked, India accused Pakistan of unleashing a swarm of drones towards it – a charge Islamabad denied. Then India launched a wave of drones that reached Pakistan’s biggest population centres, including its two biggest cities, Karachi and Lahore. In the early hours of May 10, India and Pakistan fired missiles at each other’s military bases across multiple provinces – far beyond disputed Kashmir – even hitting a few. Pakistan, which called its campaign Operation Bunyan Marsoos (a structure made of lead, in Arabic), targeted Indian air force bases and missile storage facilities in Drangyari, Udhampur, Uri and Nagrota (all in Indian-administered Kashmir), as well as in Pathankot, Beas and Adampur in Indian Punjab and Bhuj in Gujarat, Modi’s home state. Indian armed forces said that while they shot down most incoming missiles and drones, four air force bases suffered “limited damage”. “We don’t know what the quantum [of Indian losses] are, but clearly Pakistan has demonstrated capability to impose costs on India even as we try to impose costs on them,” Indian military historian and strategic analyst Srinath Raghavan told Al Jazeera. “Regarding red lines, another thing Pakistan sought to demonstrate was that they could keep this [the fighting] going till they had hit Indian military installations in retaliation.” Meanwhile, India too targeted the Nur Khan airbase near Rawalpindi, Murid airbase in Chakwal and the Rafiqui airbase in Shorkot. “India has shown that it is willing and capable of carrying out more strikes across the border, whether it’s a terrorist or even military infrastructure in Pakistan,” Raghavan said. India’s response went far beyond what happened in 2019, when Indian jets bombed what they described as a “terrorist camp” in Balakot, in Pakistan’s Khyber Pakhtunkhwa province, after a suicide bomber killed more than 40 Indian paramilitary soldiers. Now, the 2025 attacks will serve as the new baseline for India, experts said. “India would respond [in the future] on a similar scale, perhaps even a little bit more. Given the way both Balakot and the current crisis have played out, that should be the expectation,” said Raghavan. It isn’t just missiles and drones that the two sides fired at each other, though. Right after the Pahalgam attack, India suspended its participation in the Indus Waters Treaty, a 1960 agreement that had previously survived three wars – in 1965, 1971 and 1999 – unscathed. The treaty gives India access to the waters of the three eastern rivers of the Indus basin: The Ravi, Beas and Sutlej. Pakistan, in turn, gets the waters of the three western rivers: The Indus, Jhelum and Chenab. The river system is a vital lifeline for Pakistan, which relies on its waters. India, as the upper riparian state, has the ability – in theory at least – to restrict or stop the flow of the water into Pakistan. Islamabad described New Delhi’s decision to walk away from its obligations under the Indus Waters Treaty as an “act of war”. In an incendiary remark at the peak of the tensions, Pakistani former Foreign Minister Bilawal Bhutto said “either the water will flow, or their blood will,” seemingly referring to Indians. Three days after the ceasefire was announced, India has still not recommitted itself to the pact. In his speech on Monday evening, Modi’s statement that “blood and water cannot flow together” signalled that New Delhi had not yet decided to return to the treaty. Even as India and Pakistan ratcheted up their measures – first diplomatically, then militarily – against each other, the rest of the world was spooked by the prospect of what could have turned into a full-blown war between nuclear-armed neighbours. Up until now, that reality of nuclear weapons has affected India’s decisions in terms of how it treats its tensions with Pakistan, said Clary, the former Pentagon official. “India’s goal is to punish Pakistan without risking nuclear danger,” he said. But on Monday, Modi appeared to suggest that New Delhi was reassessing that approach. “India will not tolerate any nuclear blackmail. India will strike precisely and decisively at the terrorist hideouts developing under the cover of nuclear blackmail,” he said. Modi’s comments pointed to a “fundamental shift that has occurred in relations between India and Pakistan”, Donthi, the International Crisis Group analyst, said. “Both sides are willing to take greater risks and explore the potential for escalation below the nuclear threshold. However, there is very little space there, effectively making the euphemism of the region being a nuclear flashpoint truer than ever.” Modi’s comments on “nuclear blackmail” weren’t the only ones that marked a break from the past. When India launched attacks against Pakistan on May 7, it emphasised that it was only targeting “terrorist” bases and not attacking Pakistani military installations. However, on Monday, Modi said that in future, “India will not differentiate between the government sponsoring terrorism and the masterminds of terrorism.” That position raises the danger of war, said experts. “The conflation of terrorists and their (alleged) backers – namely, the military and the government – portends serious risks,” Donthi said. “It assumes that they are in lockstep. Such an assumption doesn’t take into account facts such as the seemingly successful ceasefire.” India and Pakistan had signed a ceasefire along the Line of Control (LoC) in 2003 and had renewed it in 2021. Despite cross-border firing along the LoC, the ceasefire had largely held until last week. With the threshold for a military conflict lowered, “the situation has become precarious,” Donthi said. “A single militant attack is all it takes to plunge into war, leaving no room for diplomacy and raising no questions. Any power hostile to either or both sides can exploit this.”"
"India’s Modi says fighting ‘only paused’ in wake of conflict with Pakistan","Modi vows India will ‘retaliate on its own terms’ if there is any future ‘terror’ attack on the country.","Published On 12 May 202512 May 2025","https://www.aljazeera.com/news/2025/5/12/indias-modi-says-fighting-only-paused-in-wake-of-conflict-with-pakistan","tag/india-pakistan-tensions/","Prime Minister Narendra Modi has said India “only paused” its military action against Pakistan, in his first speech to the nation since a ceasefire following a fierce military confrontation last week that threatened a fifth all-out war between the nuclear-armed neighbours. Speaking on Wednesday, the ultranationalist Hindu leader said in New Delhi that his government will not make a distinction between governments that support “terrorism” and “terrorist groups”. He said India would “retaliate on its own terms” if there is any future “terror” attack on the country. The Indian military launched multiple missile attacks targeting sites in Pakistan and Pakistan-administered Kashmir on May 6, claiming it had hit “terrorist infrastructure”. Pakistan rejected that claim. Pakistan chose to “attack” India rather than combat terrorism, Modi stated, asserting that his country “will not tolerate nuclear blackmail”. “We will be monitoring every step of Pakistan,” Modi added, saying that “This is not an era of war, but this is not an era of terrorism, either.” Turning to the Indus Waters Treaty with Pakistan, Modi said, “Terror and trade cannot go together, water and blood cannot flow together.” The treaty, brokered by the World Bank, has long survived multiple crises between the two rivals. However, India’s recent decision to stop the flow of water signals a sharp diplomatic shift, using water that Pakistan relies on for agricultural and civilian purposes as leverage. Pakistan’s Finance Minister said in an interview with the Reuters news agency on Monday that the Indus Waters Treaty, unilaterally suspended by India, “has to be rolled back to where it was”. On Monday, United States President Donald Trump claimed that by helping to broker the ceasefire, his administration had prevented “a nuclear conflict”. New Delhi has blamed Islamabad for a deadly April 22 attack on tourists in Indian-administered Kashmir in Pahalgam, during which 26 people were killed – a charge Pakistan strongly denies. According to their partial counts, the fighting since last week killed around 60 civilians on both sides. India’s and Pakistan’s top military commanders were expected to revisit a recently brokered ceasefire agreement on Monday evening. The Indian Army earlier reported a “calm night”, as authorities said the night passed peacefully across disputed Kashmir and the international border, with no new incidents reported. A senior Indian defence official confirmed that talks, originally scheduled for noon local time, were pushed to later in the day. The discussions, analysts say, will likely focus on technical details to prevent future flare-ups rather than shape long-term policy. Abdul Basit, a South Asia specialist at Singapore’s S Rajaratnam School of International Studies, said the purpose of the exchange is to establish clear lines and avoid missteps. “The goal is to avoid any miscalculations, because right now one spark could quickly move towards a nuclear catastrophe,” Basit told the AFP news agency. The spike in hostilities had marked the most serious confrontation between the nuclear-armed neighbours since their last declared conflict in 1999. As tensions cooled, Indian authorities reopened 32 airports on Monday that had been shut down due to the fighting. Civilians in Kashmir have suffered the most in the crossfire. Military leaders in both countries spent Sunday delivering pointed briefings, each asserting they had won while pledging restraint. “We have delivered the promise we made to our people,” Pakistan’s military spokesman Lieutenant General Ahmed Sharif Chaudhry declared, describing the recent operation as a “success on the battleground”. Air Vice Marshal Aurangzeb Ahmed added that Pakistan had “re-established deterrence and neutralised key threats”. India’s Lieutenant General Rajiv Ghai insisted that his country had shown “immense restraint,” but warned: “Any threat to the sovereignty, territorial integrity and safety of our citizens will be met with decisive force.” Both nations remain on high alert despite the temporary calm, as the world watches for signs of lasting de-escalation or a reignition of hostilities."
"How conflict with India helped boost the Pakistan military’s domestic image","Pakistan’s military enjoying renewed popularity after Indian clash, but analysts warn the surge may be temporary.","Published On 20 May 202520 May 2025","https://www.aljazeera.com/news/2025/5/20/how-conflict-with-india-helped-boost-the-pakistan-militarys-domestic-image","tag/india-pakistan-tensions/","Islamabad, Pakistan – On May 9, 2023, thousands of Pakistanis took to the streets across major cities, targeting both public and private properties, especially those affiliated with the powerful Pakistani military. Among the targets were the army’s General Headquarters in Rawalpindi, the residence of a top military commander in Lahore, which was set ablaze, and several other installations and monuments. The demonstrators, supporters of the Pakistan Tehreek-e-Insaf (PTI), were protesting the arrest of their leader and former Prime Minister Imran Khan, who was detained at the Islamabad High Court on corruption charges. Though Khan was released in less than 48 hours, the protests marked an unprecedented challenge to the military’s dominance, which has long been regarded as the most powerful and influential entity in Pakistan, wielding its authority in most spheres. Almost exactly two years later, on May 11, 2025, thousands once again took to the streets, but this time in celebration – and praise – of the military. India and Pakistan have each claimed wins in their brief but intense military clashes last week, during which they launched attacks on each other’s facilities on a scale unseen since their 1971 war. What is clearer is the domestic impact of the near-war in Pakistan: a sharp surge in support for the military, which is viewed as having defended the country against Indian aggression. A Gallup Pakistan survey conducted between May 11 and 15 showed that 96 percent of more than 500 respondents believed Pakistan had won the conflict. Initial data and survey trends shared exclusively with Al Jazeera showed 82 percent rated the military’s performance as “very good”, with fewer than 1 percent expressing disapproval. Most significantly, 92 percent said their opinion of the military improved as a result of the conflict. On May 11, a day after United States President Donald Trump announced a ceasefire between India and Pakistan, cities across Pakistan were filled with people riding cars and motorbikes, honking horns and playing patriotic songs. They were waving the national flag and posters praising the military, particularly its chief, General Syed Asim Munir. There was jubilation in the air, and relief. For four days before that, Pakistan had been locked in a tense military confrontation with archrival India, the latest chapter of a conflict that analysts say has long served as the principal raison d’être for the country’s military. On May 7, more than two weeks after gunmen killed 26 civilians in Pahalgam, Indian-administered Kashmir, India, blaming Islamabad for the attack, launched missiles at multiple sites in Pakistan-administered Kashmir and Pakistan’s Punjab province, killing at least 51 people, including 11 soldiers and several children. Over the following three days, the two nuclear-armed nations launched missiles, drones and artillery at each other, bringing 1.6 billion people in the subcontinent to the brink of a full-fledged war. After the ceasefire was announced, Pakistan’s government declared May 10 as “The Day of Righteous Battle”. This was a stark contrast to May 9, 2023, which the government had described as a “Black Day”, because of the violence unleashed by Khan’s supporters against public and private infrastructure. Six days after the ceasefire, Pakistani Prime Minister Shehbaz Sharif hailed the military’s actions as a “golden chapter in military history”. “This is a victory of the Armed Forces of Pakistan as well as the self-reliant, proud and dignified Pakistani nation. The entire nation is standing by the armed forces like a wall made of lead,” Sharif said in a statement, in a reference to the name of the operation against India, “Bunyan Marsoos“, an Arabic phrase meaning “a structure made of lead”. Imprisoned ex-premier Khan, who has been in jail since August 2023, also issued a statement through his lawyers, saying the military needs public support more than ever. “The morale of the nation becomes the strength of the armed forces. That is why I’ve consistently emphasised that we must not isolate our people, and we must breathe life back into our justice system,” Khan said, according to a message posted on his account on X, the social media platform, on May 13. Though released soon after his arrest in May 2023, Khan was arrested again in August 2023 and remains in custody, along with his wife, Bushra Bibi. Since Pakistan’s independence from British colonial rule in August 1947, its military – especially the army – has remained the most dominant force in the country. Maria Rashid, a lecturer in politics and international relations at the School of Oriental and African Studies (SOAS), University of London, said the military has long portrayed itself as “the saviour and defender of Pakistan’s physical borders but also its ideological frontiers”. This dominance has been cemented by four military coups and decades of direct and indirect rule. Before retiring after his six-year-long tenure, former Pakistani army chief General Qamar Javed Bajwa, in his farewell address, conceded in 2022 that Pakistan’s military had meddled in politics for decades. He also promised that in the future, the army would steer clear of interfering in Pakistan’s democratic sphere. Yet the military’s stranglehold over the public’s goodwill has been tested in recent years. When Imran Khan first became prime minister in 2018, the former cricket star turned-philanthropist-turned politician spoke of how his government and the army were “on one page”. But like many of his predecessors, that relationship soured. In April 2022, Khan was ousted via a parliamentary vote of no confidence. Yet, unlike previous leaders, Khan fought back publicly, accusing the military and the US of directly engineering his removal. The military and the US have both vehemently and repeatedly denied those allegations. His confrontations with the military escalated, including after General Munir assumed leadership in November 2022. Khan and the PTI launched a campaign of defiance, leading to dozens of criminal cases, including sedition against him and his colleagues. The May 9 riots in 2023 triggered a sweeping crackdown against the PTI. Thousands of party workers were arrested by the police, with more than 100 subsequently tried in military courts, many receiving prison sentences. While the military has faced allegations of domestic repression before, Rashid said that the backlash after Khan’s ouster was unprecedented. “It was a fall from grace, and it was vocal. It also coincided with the rise of social media, where the military found it difficult to control narratives,” she said. “If earlier, there was reverence for the military, lately, it has been just fear,” she added. The Pakistani military’s centrality has also been shaped by repeated wars with India – in 1948, 1965, 1971, and 1999 – primarily over Kashmir, which both nations claim in full but control only parts of. For Muhammad Badar Alam, a political analyst, the sense of a perpetual threat posed by India is “one of the fundamental factors” that gave the military a prominent position in society, politics and governance. Since their last conventional war in 1999, India has accused Pakistan of fomenting violence and “terrorism” on its soil by supporting violent elements, particularly in Indian-administered Kashmir. Pakistan denies the charges, saying it offers only moral and diplomatic support for Kashmiris. The last quarter of a century has seen multiple attacks inside India, especially the 2008 Mumbai attacks in which more than 160 people died, which India said was planned and executed by armed groups in Pakistan. Islamabad acknowledged that the perpetrators of the attack might have been Pakistani, but rejected India’s allegations that its government or military had any role in the assault on Mumbai. Ties between India and Pakistan nosedived further following the rise to power of Indian Prime Minister Narendra Modi and his Hindu majoritarian Bharatiya Janata Party (BJP) in 2014. Since then, India has responded to armed attacks on its soil by striking inside Pakistan and Pakistan-administered Kashmir in 2016, 2019 and now, in 2025. Lahore-based Alam told Al Jazeera that Modi’s hardened stance has helped the Pakistani military justify its power. “As long as the threat from the east exists, the military remains indispensable,” he said. Both sides have made contradictory claims about the recent four-day conflict. Pakistan reported shooting down five Indian fighter jets and emphasised the significance of the US-led ceasefire. Trump urged a resolution of the Kashmir dispute, an issue India insists can only be resolved through bilateral negotiations between India and Pakistan, without third-party involvement. India claimed deep strikes into Pakistani territory, targeting both alleged hideouts of armed groups and military installations. Islamabad-based political commentator Arifa Noor said that a conflict with a “next-door neighbour” does rally the citizenry around the state and its armed forces, and this is as true of Pakistan as it is of any other country. Noor added that while there is no doubt the military in Pakistan is enjoying a groundswell of goodwill, it might be too early to conclusively identify the impact of this on domestic politics. “Punjab, being on the border, saw the most visible support. But provinces like Khyber Pakhtunkhwa and Balochistan might view it differently,” she said. Both Khyber Pakhtunkhwa and Balochistan have seen sustained violence. Critics there accuse the military of human rights abuses and enforced disappearances – allegations the Pakistani military denies. Alam, echoing Noor’s view, also says the outpouring of public support was primarily visible in Punjab, as well as other urban areas of the country. Alam also said that with Imran Khan still in jail, it is unclear how much the military’s image has changed in the eyes of the former prime minister’s core supporters. Analysts warn that despite the “rally around the flag” effect that becomes pronounced in times of international tension, public support for leaders and institutions is typically short-lived. Niloufer Siddiqui, an associate professor of political science at the University of Albany in New York state, told Al Jazeera that it is unclear how long the military will receive an approval bump from the current crisis. Much, she said, could depend on “Indian rhetoric and whether it continues to be inflammatory”. Siddiqui further added that it will also depend on the type of rhetoric in which the PTI, which previously was a harsh critic of the military, chooses to engage going forward. London-based Rashid, who is also the author of Dying to Serve: Militarism, Affect and the Politics of Sacrifice in the Pakistan Army, said the big question for Pakistanis going forward would be whether they could draw a distinction between the military’s role at the borders and its involvement in domestic politics. “We need to be able to call out the involvement of Pakistan Army in politics, but, at the same time, acknowledge that their performance at the border is praiseworthy at this moment,” she said. Alam, meanwhile, said that the military, too, had lessons to learn from the crisis with India. “The military must realise that success requires public support. We cannot remain in perpetual war with India,” he said. “We must fix our economy, or it will become an existential issue. It should be a sobering moment.”"
"Car bomb in Pakistan’s restive southwest kills four people","The attack is just the latest in Balochistan, which is plagued by insurgency.","Published On 19 May 202519 May 2025","https://www.aljazeera.com/news/2025/5/19/car-bomb-in-pakistans-restive-southwest-kills-four-people","tag/india-pakistan-tensions/","A car bomb that has exploded near a market in Pakistan’s restive southwest has killed four people and wounded 20, according to a government official. The attack was near a market in Qillah Abdullah, a city in the province of Balochistan, Deputy Commissioner Abdullah Riaz said on Monday. The province bordering Afghanistan is plagued by violence mounted by separatist groups. The blast on Sunday night damaged several shops and the outer wall of a building housing paramilitary forces, the official said. There was no immediate claim of responsibility for the bombing. A spokesperson for the Balochistan government condemned the attack and said an investigation is under way. Local security official Ghulab Khan told the AFP news agency that an improvised explosive device (IED) had been planted in a parked car, suggesting that the target was the paramilitary site but the attack was bungled. “It seems the IED exploded before reaching its intended destination,” he said. “All those killed are civilian passers-by.”    Balochistan has long been plagued by violence with an array of separatist groups staging attacks, including the Balochistan Liberation Army (BLA), which was designated as a “terrorist organisation” by the United States in 2019. The local chapter of ISIL (ISIS) has also increased its activities in recent months. The attack in Qillah Abdullah came days after four paramilitary officials were killed in the province. Two weeks ago, seven army soldiers were killed when their vehicle was targeted by an IED. In March, BLA fighters killed 33 people, mostly soldiers, during an assault on a train carrying hundreds of passengers. Pakistan has witnessed a sharp rise in violence in its regions bordering Afghanistan since the Taliban returned to power in Kabul in 2021. Islamabad has accused its western neighbour of allowing its territory to be used to launch attacks, a claim the Taliban has denied. Pakistan has also often accused India of supporting the BLA and the Pakistani Taliban. In a rare move this month, the BLA sought Indian support against Pakistan. The appeal in a May 11 statement came amid heightened tensions between the nuclear-armed neighbours. “If we receive political, diplomatic and defense support from the world – especially from India – the Baloch nation can eliminate this terrorist state and lay the foundation for a peaceful, prosperous and independent Balochistan,” the BLA said. It assured New Delhi that its fighters, if backed, would open another front against Pakistan’s military near Afghanistan, where the Pakistani Taliban has strongholds. So far, India has not officially responded to the overture."
"‘Fear is real’: Why young Kashmiris are removing tattoos of guns, ‘freedom’","For years, these tattoos symbolised defiance against the Indian government. Now, thousands are erasing them.","Published On 19 May 202519 May 2025","https://www.aljazeera.com/features/2025/5/19/fear-is-real-why-are-kashmiri-youths-removing-tattoos-from-their-bodies","tag/india-pakistan-tensions/","Srinagar, Indian-administered Kashmir – In a quiet laser clinic in Indian-administered Kashmir’s biggest city, Srinagar, Sameer Wani sits with his arm stretched out, his eyes following the fading ink on his skin. The word “Azadi” (freedom in Urdu), once a bold symbol of rebellion against India’s rule, slowly disappears under the sting of the laser. What was once a mark of defiance has become a burden he no longer wants to carry.     As Sameer, 28, watches the ink vanish, his mind drifts to a day he will never forget. He was riding his motorbike with a friend when Indian security forces stopped them at a checkpoint. During the frisking, one of the officers pointed to the tattoo on his arm and asked, “What is this?” Sameer’s heart raced. “I was lucky he couldn’t read Urdu,” he tells Al Jazeera, his voice tinged with the memory. “It was a close call. I knew right then that this tattoo could get me into serious trouble.” When he was younger, he said, the tattoo was a “sign of strength, of standing up for something”. “But now I see it was a mistake. It doesn’t represent who I am any more. It’s not worth carrying the risk, and it’s not worth holding on to something that could hurt my future.” Sameer is one of many young Kashmiris choosing to erase tattoos that once reflected their political beliefs, emotional struggles or identity. Once worn with pride, the tattoos are now being removed in growing numbers across the region – quietly and without fanfare. While a trend to remove tattoos was already under way, the urgency has deepened since India and Pakistan – who have fought three wars over Kashmir since emerging as independent nations in 1947 – came to the brink of yet another war following the killing of 26 people in the scenic resort town of Pahalgam in Indian-administered Kashmir last month. New Delhi accuses Islamabad of backing an armed rebellion that erupted on the Indian side in 1989. Pakistan rejects the allegation, saying it only provides moral diplomatic support to Kashmir’s separatist movement. Two weeks after Pahalgam, India, on May 7, launched predawn drone and missile attacks on what it called “terror camps” inside Pakistan and Pakistan-administered Kashmir – the most extensive cross-border missile strikes since their war in 1971. For the next three days, the world held its breath as the South Asian nuclear powers exchanged fire until United States President Donald Trump announced a ceasefire between them on May 10. However, peace remains fragile in Indian-administered Kashmir, where a crackdown by Indian forces has left the region gripped by fear. Homes of suspected rebels have been destroyed, others have been raided, and more than 1,500 people have been arrested since the Pahalgam attack, many under preventive detention laws. In such a tense atmosphere, many Kashmiri youth say they feel exposed – and more vulnerable to scrutiny over even the most personal forms of expression. “Every time something happens between India and Pakistan, we feel it on our skin – literally,” Rayees Wani, 26, a resident of Shopian district, tells Al Jazeera. “I have a tattoo of Hurriyat leader Syed Ali Shah Geelani’s name on my arm, and after the Pahalgam attack, I started getting strange looks at checkpoints,” he said, referring to the separatist leader who passed away at the age of 91 in 2021. The Hurriyat is an alliance of pro-freedom groups in Indian-administered Kashmir. “Even my friends ask me uncomfortable questions. The media, police, and even the neighbours start looking at you differently,” Rayees added. “I just wish people understood that a tattoo doesn’t define someone’s loyalty or character. We are just trying to live, not explain ourselves every day. I want to erase this as soon as possible.” Arsalan, 19, from Pulwama recently booked a tattoo removal session. He did not share his last name over fears of reprisal from the authorities. “People with visible tattoos – especially those hinting at past political affiliations – are suddenly worried they could be profiled, questioned – or worse,” he said. To be sure, tattoo culture itself isn’t fading in Kashmir. Tattoo studios are still busy, especially with clients aged between 22 and 40, many of whom wait for hours to get inked. But the trend has shifted; instead of political or religious tattoos, people now prefer minimalistic designs, nature-inspired patterns, names or meaningful quotes in stylish fonts. Some Kashmiris trying to get rid of tattoos say that’s part of their personal evolution and growth. “For me, it was about being brave,” Irfan Yaqoob from Baramulla district told Al Jazeera. Now 36, Yaqoob got a slain rebel’s name tattooed on his left arm when he was a teenager. “Back then, it felt like a symbol of courage. But now, when I look at it, I realise how much I have changed. Life has moved on, and so have I. I have a family, a job, and different priorities. I don’t want my past to define me or create trouble in the present. That’s why I decided to get it removed. It’s not about shame. It’s about growth,” he said. It isn’t just the security forces that are driving this move among many Kashmiris to get rid of tattoos. For some, tattoos became painful reminders of a turbulent past. For others, they turned into obstacles, especially when they tried to move ahead professionally or wanted to align the inscription on their bodies with their personal beliefs. Anas Mir, who also lives in Srinagar, had a tattoo of a sword with “Azadi” written over it. He got it removed a few weeks ago. “People don’t clearly say why they are removing tattoos. I removed mine only because of pressure from my family,” the 25-year-old said. “It’s my choice what kind of tattoo I want. No one should judge me for it. If someone had an AK-47 or a political tattoo, that was their choice. The authorities or government shouldn’t interfere. And yes, tattoo trends also change with time,” he added, referring to the Russian-made Avtomat Kalashnikova assault rifles, arguably the most popular firearm in the world. One of the key reasons behind people removing tattoos is religion. In a Muslim-majority region, tattoos, especially those carrying religious or political messages, could often conflict with the faith’s teachings. Faheem, 24, had a Quranic verse tattooed on his back when he was 17. “At that time, I thought it was an act of faith,” he told Al Jazeera, without revealing his last name over security fears. “But later, I realised that tattoos – especially with holy verses – are not encouraged [in Islam]. It started to bother me deeply. I felt guilty every time I offered namaz [prayers] or went to the mosque. That regret stayed with me. Getting it removed was my way of making peace with myself and with my faith.” Many others said they shared the feeling. Some visit religious scholars to ask whether having tattoos affects their prayers or faith. While most are advised not to dwell on past actions, they are encouraged to take steps that bring them closer to their beliefs. “It’s not about blaming anyone,” said Ali Mohammad, a religious scholar in Srinagar. “It’s about growth and understanding. When someone realises that something they did in the past doesn’t align with their beliefs any more, and they take steps to correct it, that’s a sign of maturity, not shame.” Another key factor driving tattoo removals is job security. In Kashmir, government jobs are seen as stable and prestigious. But having a tattoo, especially one with political references, can create problems during recruitment or background checks. Talib, who disclosed his first name only, had a tattoo of a Quranic verse shaped like an AK-47 rifle on his forearm. When he applied for a government position, a family friend in law enforcement hinted it might be an issue. “He didn’t say it directly, but I could tell he was worried,” said the 25-year-old. “Since then, I have been avoiding half-sleeve shirts. I got many rejections and no one ever gave a clear reason, but deep down, I knew the tattoo was a problem. It felt like a wall between me and my future.” As the demand for tattoo removal rises, clinics in Srinagar and other parts of Indian-administered Kashmir are seeing a steady increase in clients. Laser sessions, once rare, are now booked weeks in advance. Mubashir Bashir, a well-known tattoo artist in Srinagar who also runs a tattoo removal service, said: “After a popular singer’s death in 2022, the trend of AK-47 tattoos exploded,” Bashir said. Punjabi singer Sidhu Moose Wala, whose music often glorified guns, was killed in May 2022. Police blamed his death on an inter-gang rivalry. “But now, especially after the Pahalgam attack, we are seeing more people coming in to erase those tattoos. The fear is real,” Mubashir said. He estimated that tens of thousands of tattoos have been removed in the region over the past seven years, since 2019, when India abrogated Kashmir’s semi-autonomous status and launched a major crackdown, arresting thousands of civilians. “Some say the tattoo no longer represents them. Others mention problems at work or while travelling,” Mubashir said. Laser tattoo removal isn’t easy. It requires multiple sessions, costs thousands of rupees and can be painful. Even after successful removal, faint scars or marks often remain. But for many Kashmiris, the pain is worth it. Sameer, whose “Azadi” tattoo is almost gone, remembers the emotional weight of the process. “I didn’t cry when I got the tattoo,” he says. “But I cried when I started removing it. It felt like I was letting go of a part of myself.” Still, Sameer believes it was the right choice. “It’s not about shame,” he says. “I respect who I was. But I want to grow. I want to live without looking over my shoulder.” As he finishes another laser session, a faint scar is all that is left of the word that is Kashmir’s war-cry for freedom. “I will never forget what that tattoo meant to me when I was 18,” Sameer says as he rolls down his sleeve. “But now, I want to be someone new. I want a life where I don’t carry old shadows.”"
"Outrage after Indian professor arrested over remarks on military operation","Ali Khan Mahmudabad from Ashoka University held after complaint filed by a youth leader of the ruling BJP.","Published On 18 May 202518 May 2025","https://www.aljazeera.com/news/2025/5/18/indian-professor-arrested-over-social-media-post-on-military-operation","tag/india-pakistan-tensions/","A professor from an elite, private liberal-arts university in India has been arrested for a social media post about news briefings on the military operation against Pakistan more than a week after the two nuclear-armed neighbours agreed to a ceasefire, according to local media reports. Ali Khan Mahmudabad, an associate professor with the Department of Political Science at Ashoka University, was arrested on Sunday under sections of the criminal code pertaining to acts prejudicial to maintaining communal harmony, incitement of armed rebellion or subversive activities, and insults of religious beliefs. A police official told the Indian Express newspaper that the 42-year-old Muslim academic was arrested in the capital, New Delhi, 60km (37 miles) south of the university, located in Sonepat in Haryana state. A report by the online publication Scroll.in on Sunday quoted Mahmudabad’s lawyer as saying the case against him was filed on Saturday based on a complaint by Yogesh Jatheri, general secretary of the youth wing of the ruling Bharatiya Janata Party (BJP) in Haryana. The arrest was made days after the Haryana State Commission for Women summoned Mahmudabad for his comments on the daily briefings on India’s military operation in Pakistan and Pakistan-administered Kashmir. Colonel Sofiya Qureshi and Wing Commander Vyomika Singh from the Indian armed forces held media briefings on Operation Sindoor, launched on May 6. In a Facebook post on May 8, Mahmudabad had said: “I am very happy to see so many right wing commentators applauding Colonel Sophia Qureishi but perhaps they could also equally loudly demand that the victims of mob lynchings, arbitrary bulldozing and others who are victims of the BJP’s hate mongering be protected as Indian citizens. “The optics of two women soldiers presenting their findings is importantly but optics must translate to reality on the ground otherwise it’s just hypocrisy.” The post referred to Qureishi, a Muslim officer in the Indian army, and attacks against Muslims, including lynchings and destruction of their houses without due process. According to local media reports, the Haryana Women’s Commission on Monday said the professor’s statement “disparaged women officers in the Indian Armed Forces and promoted communal disharmony” and summoned him. Mahmudabad has defended his comments and said on X that they had been misunderstood. “If anything, my entire comments were about safeguarding the lives of both citizens and soldiers. Furthermore, there is nothing remotely misogynistic about my comments that could be construed as anti-women,” he said. In February last year, the human rights group Amnesty International urged the government to stop “unjust targeted demolition of Muslim properties”. “The unlawful demolition of Muslim properties by the Indian authorities, peddled as ‘bulldozer justice’ by political leaders and media, is cruel and appalling. Such displacement and dispossession is deeply unjust, unlawful and discriminatory. They are destroying families – and must stop immediately,” said Agnes Callamard, Amnesty’s secretary-general. “The authorities have repeatedly undermined the rule of law, destroying homes, businesses or places of worship, through targeted campaigns of hate, harassment, violence and the weaponization of JCB bulldozers. These human rights abuses must be urgently addressed,” she said in a statement. India’s Supreme Court has ordered a halt to so-called bulldozer justice, but that has not stopped authorities from disregarding due process. The government of Prime Minister Narendra Modi of the BJP has also been accused of allowing far-right Hindu vigilante groups to act with impunity. They have lynched Muslims and tried to police interfaith relations. Modi has spoken against cow vigilante killings, but his government has done little to stop the activities of vigilante groups. My statement re the summons that I received from the Haryana State Women’s Commission. The posts that were misunderstood and objected to can be accessed on my Facebook page. pic.twitter.com/U4rZrAXhFx — Ali Khan Mahmudabad (@Mahmudabad) May 14, 2025  Professors and activists across the country have shown their support for Mahmudabad. An open letter with about 1,200 signatories released on Friday said: “It is clear that Prof Khan praised the strategic restraint of the armed forces, analysed how any distinction between the terrorists or non-state actors and the Pakistani military has now collapsed, and said that the optics of the women officers chosen for media debriefs was ‘important’ as proof that the secular vision of the founders of our Republic is still alive.” The Amnesty International called for Professor Mahmudabad’s release. “The Haryana police must stop treating Professor Ali Khan Mahmudabad like a criminal simply for expressing an opinion,” Aakar Patel, chair of board at Amnesty International India, said: in a statement on Monday. “The shameful arrest of the Professor for a social media post seeking support for justice for victims of lynching and ‘bulldozer injustice’ in the country is a violation of his rights to freedom of expression and liberty. “The Haryana Police must immediately release Professor Mahmudabad and terminate the investigation against him.” The opposition Congress party chief Mallikarjun Kharge condemned the Muslim academic’s arrest. Mahmudabad’s arrest “shows how fearful the BJP is of any opinion disliked by them”, he posted on X. Pawan Khera, the chairman of the Congress media and publicity department, said: “It is not anti-national to show the mirror to the government whichever party is ruling. Ali is an academic and historian. What he has questioned the government on is the double standards.” The truce between India and Pakistan, announced on May 10, halted several days of missile and drone attacks across their shared border. Pakistan said at least 31 people were killed in India’s strikes while India said at least 15 people were killed in Pakistan’s counterattacks.   "
"‘Javelin is my career, not social media’: Neeraj Chopra on mental pressure","Chopra talks to Al Jazeera about the pressure of being a high-profile athlete in India and the 2025 season.","Published On 16 May 202516 May 2025","https://www.aljazeera.com/sports/2025/5/16/india-neeraj-chopra-javelin-olympics-record-arshad-nadeem-world-athletics-doha-diamond-league","tag/india-pakistan-tensions/","Doha, Qatar – Reigning men’s javelin world champion and Olympic silver medallist Neeraj Chopra is set to get his 2025 athletics season under way at World Athletics’ Doha Diamond League event in Qatar on Friday. The two-time Olympic medal-winning Indian athlete – gold at Tokyo 2021 and silver at Paris 2024 – walks into the new season following a stressful few weeks at home. From facing social media backlash for inviting Pakistan’s Arshad Nadeem to the inaugural Neeraj Chopra Classic javelin event, to publicly pledging his support for the Indian armed forces amidst their near full-fledged war against Pakistan and dealing with the weight of expectations on the field – Chopra says he’s happy to get back on the field. In this brief chat with Al Jazeera, the 27-year-old star spills his thoughts on the mental pressure of being a high-profile athlete in India, the boon and bane of social media, and the upcoming athletics season. Al Jazeera: How do you deal with the mental pressure of being a high-profile athlete and celebrity in a sport-mad country like India?Neeraj Chopra: The ability to win medals for my country is a matter of great pride for me and, to some extent, it takes care of some of the pressure. As long as I focus on my tasks and challenges on the field, I am able to overcome the mental challenges. I mostly train outside India, sometimes in South Africa during off-season and in Europe during the competition season. When I go back to India I have to live up to my public image and act in a certain way, especially for sponsorship deals, and I don’t enjoy it very much. Initially, after my success at the Tokyo Games, it was difficult but with time and the help of some of the experienced athletes, I have learned to deal with it. Al Jazeera: Is social media to be blamed for some of this pressure?
Chopra: Social media has given everyone with a phone and an internet connection the platform and freedom to say whatever they like and attack whomever they want. Some people take to social media to vent their pent-up frustrations. If they are facing any issues in their personal lives that can’t be aired, they take aim at people on social media. However, I try not to worry about such comments and focus on my work. Al Jazeera: Have there been instances where you’ve felt the need to quit social media and, if it comes down to it, would you be able to go off it?
Chopra: Of course. I can quit social media in a heartbeat if I want to. I never feel obligated to maintain a presence. I am there to share my journey, promote the sport and create a pathway for other athletes from my country. I want to show what goes behind becoming an international athlete. I am not an influencer, I am an athlete. Javelin is my career, not social media. I can quit social media very easily. Al Jazeera: You and Arshad Nadeem have flipped the script on a mostly European-centric sport by winning back-to-back Olympic medals in javelin, but will this success translate into the growth of track and field sports in the South Asian region?
Chopra: Honestly, up until a few years ago I didn’t I see a great future for athletics in India and couldn’t find a way to take it to the masses. Now, however, I am beginning to see a change. For instance, for the first time, four Indian athletes are part of the Doha Diamond League meet this year and that’s a great sign. I’m ecstatic. It means people are sitting up and taking notice. Javelin has slowly become a global event and is not restricted to European athletes any more. My competition, the Neeraj Chopra Classic, is a step in the same direction. I want to use it as a platform to showcase the sport to Indian masses and help it grow. Al Jazeera: The Doha Diamond League is where your season is about to get under way. You have an Olympic silver medal under your belt, but your World Athletics Championship title will be on the line this year. How do you feel about 2025?
Chopra: I’m ready and excited to get things going. I have a new coach, former Olympic gold medallist Jan Zelezny, who has helped me make minor changes to my routine. It took some time to adjust to the changes but I feel great. I have been troubled by some groin issues but it’s all in the past now. I can’t wait to start the new season. Al Jazeera: Your fans have been willing you on to break the 90-metre barrier for some time now. Does that pressure get to you and do you think this will be the year to surpass 90m?
Chopra: I feel reinvigorated and am in great shape physically. In addition to the physical aspect, Zelezny has also passed on tips that help me deal with the mental part of being an athlete. It helps keeps the pressure at bay. I have been training and performing consistently, which forms the basis of achieving the best results on the field. No one can predict what will happen on the day of the competition but I am always looking to go beyond my previous best. Several javelin athletes have thrown their personal best in Doha and I aim to do the same on Friday."
"Chopra: Nadeem javelin friendship ‘not the same’ after India-Pakistan clash","The recent military escalations have damaged a once exemplary athlete bond between India’s Chopra and Pakistan’s Nadeem.","Published On 15 May 202515 May 2025","https://www.aljazeera.com/sports/2025/5/15/chopra-nadeem-javelin-friendship-not-the-same-after-india-pakistan-clash","tag/india-pakistan-tensions/","Doha, Qatar – India’s Olympic gold medal-winning athlete Neeraj Chopra believes the recent escalations between his country and neighbouring Pakistan will affect the hugely popular friendship he shared with his cross-border counterpart Arshad Nadeem. Both men’s javelin athletes have earned widespread praise for overlooking the decades-old South Asian rivalry with their friendly interactions at international tournaments, but Chopra said on Thursday that his relationship with Nadeem is unlikely to remain the same. India and Pakistan were involved in a brief but intense military confrontation last week that threatened to erupt into the fifth full-scale war between the two countries. “It will not be like it was before [the recent escalations],” Chopra told Al Jazeera when asked about the repercussions of the tensions on his friendship with Nadeem. “I never had a very deep friendship with him, but we were always respectful towards each other,” he added while speaking before the Doha Diamond League, a World Athletics meet scheduled for Friday in Qatar. The frequent words of encouragement and appreciation exchanged between Chopra, who won Olympic gold at Tokyo 2021, and Nadeem, who bagged gold at Paris 2024, rendered both the darlings of social media and the face of a rare cross-border friendship. Happy Birthday to my friend and fellow athlete @Neeraj_chopra1 Wishing you a year filled with happiness, success, better health and joy. May you have a wonderful life ahead! — Arshad Nadeem (@ArshadOlympian1) December 24, 2024  However, following the April 22 attack that left 26 civilians dead in Pahalgam, in Indian-administered Kashmir, Chopra faced intense social media backlash for inviting Nadeem to the May 24 Neeraj Chopra Classic javelin event in India. The invitation was extended before the attack and was declined by Nadeem, citing his preparations for the May 27-31 Asian Athletics Championship in South Korea. Chopra’s eponymous event was eventually postponed in the wake of the cross-border conflict, but not before the 27-year-old Indian athlete released a statement on April 25, saying Nadeem’s participation at the meet was “completely out of the question” following the Pahalgam attack. pic.twitter.com/yMsX8ggnLA — Neeraj Chopra (@Neeraj_chopra1) April 25, 2025  On May 7, India launched multiple missile attacks on Pakistan and Pakistan-administered Kashmir, and the Pakistani military claimed to have shot down multiple Indian air force planes. Three days later, Pakistan retaliated with a missile attack on Indian airbases. Both countries were on the precipice of war before a United States-brokered ceasefire was agreed. Amid the war-like scenario, both Chopra and Nadeem took to social media to pledge their support for their respective armed forces. It was in stark contrast to the warmth shared by the world’s top javelin throwers, who often posed together for photographs at athletics events and shared greetings on social media. Chopra and Nadeem were gold and silver medallists at the World Athletics Championships in 2023 and celebrated together as the Indian asked his Pakistani opponent to join him for a photo and stood close with their arms around each other. When Nadeem became the first Pakistani track and field athlete to win a gold medal at the Paris Olympics, Chopra’s mother won hearts across the border when she said Nadeem was also like a “son” to her. It is unclear when the athletes will compete against each other, as Nadeem is not participating at the Doha Diamond League and Chopra is set to skip the Asian Athletics Championships in South Korea. Despite the fallout of the recent political and military standoff, Chopra said he will continue to maintain a respectful demeanour towards Nadeem. “I have a lot of friends in the athletics circuit since javelin throwers are a very small community,” Chopra said. “I will always reciprocate the respect I receive from my fellow athletes.”"
